,Title,Ratings,Ranked,Popularity,Name,Gender,Image,Character1
0,100 Days My Prince,8.3, #354, #160,Do Kyung Soo, Male,https://i.mydramalist.com/43e46c.jpg,Crown Prince Lee Yool / Na Won Deuk
1,100 Days My Prince,8.3, #354, #160,Nam Ji Hyun, Female,https://i.mydramalist.com/wlJ8Yc.jpg,Hong Shim / Yoon Yi Seo
2,18 Again,8.8, #44, #287,Kim Ha Neul, Female,https://i.mydramalist.com/Qy7kW_5c.jpg,Hong Dae Young [37 years old]
3,18 Again,8.8, #44, #287,Yoon Sang Hyun, Male,https://i.mydramalist.com/dxN6W_5c.jpg,Jung Da Jung
4,7th Grade Civil Servant,6.9, #4405, #632,Joo Won, Male,https://i.mydramalist.com/wrJg1_5c.jpg,Han Gil Ro / Han Pil Hoon
5,7th Grade Civil Servant,6.9, #4405, #632,Choi Kang Hee, Female,https://i.mydramalist.com/dBjrW_5c.jpg,Kim Seo Won / Kim Kyung Ja
6,A Beautiful Mind,8.3, #491, #265,Jang Hyuk, Male,https://i.mydramalist.com/01XN7c.jpg,Lee Young Oh
7,A Beautiful Mind,8.3, #491, #265,Park So Dam, Female,https://i.mydramalist.com/1qm06c.jpg,Gye Jin Sung
8,A Gentleman's Dignity,8.3, #442, #152,Jang Dong Gun, Male,https://i.mydramalist.com/Lxm33c.jpg,Kim Do Jin
9,A Gentleman's Dignity,8.3, #442, #152,Kim Ha Neul, Female,https://i.mydramalist.com/Qy7kW_5c.jpg,Seo Yi Soo
10,A Korean Odyssey,8.3, #509, #53,Oh Yeon Seo, Female,https://i.mydramalist.com/XgBRgc.jpg,Jin Seon Mi / Sam Jang
11,A Korean Odyssey,8.3, #509, #53,Lee Seung Gi, Male,https://i.mydramalist.com/B3RRqc.jpg,Son Oh Gong
12,A Love So Beautiful,7.8, #1566, #676,So Ju Yeon, Female,https://i.mydramalist.com/kdxZv_5c.jpg,Shin Sol Yi
13,A Love So Beautiful,7.8, #1566, #676,Kim Yo Han, Male,https://i.mydramalist.com/Erl6Oc.jpg,Cha Heon
14,A Piece of Your Mind,8.1, #734, #366,Chae Soo Bin, Female,https://i.mydramalist.com/ZoeeOc.jpg,Han Seo Woo
15,A Piece of Your Mind,8.1, #734, #366,Jung Hae In, Male,https://i.mydramalist.com/r3l2N_5c.jpg,Moon Ha Won
16,A Poem a Day,7.9, #1232, #438,Lee Yoo Bi, Female,https://i.mydramalist.com/BbNl1c.jpg,Ye Je Wook
17,A Poem a Day,7.9, #1232, #438,Lee Joon Hyuk, Male,https://i.mydramalist.com/QBg4A_5c.jpg,Woo Bo Young
18,About Time,7.4, #3180, #285,Lee Sung Kyung, Female,https://i.mydramalist.com/R4RX6_5c.jpg,Lee Do Ha
19,About Time,7.4, #3180, #285,Lee Sang Yoon, Male,https://i.mydramalist.com/q8Zn8c.jpg,Choi Michaela
20,Abyss,7.8, #1567, #96,Park Bo Young, Female,https://i.mydramalist.com/vywkBc.jpg,Cha Min
21,Abyss,7.8, #1567, #96,Ahn Hyo Seop, Male,https://i.mydramalist.com/qw772c.jpg,Go Se Yeon | Lee Mi Do
22,All About My Romance,7.6, #2664, #1380,Lee Min Jung, Female,https://i.mydramalist.com/EyBxb_5c.jpg,Noh Min Yeong
23,All About My Romance,7.6, #2664, #1380,Shin Ha Kyun, Male,https://i.mydramalist.com/EN4dp_5c.jpg,Kim Soo Yeong
24,Angel Eyes,7.5, #2941, #309,Lee Sang Yoon, Male,https://i.mydramalist.com/q8Zn8c.jpg,Yoon Soo Wan
25,Angel Eyes,7.5, #2941, #309,Gu Hye Seon, Female,https://i.mydramalist.com/EoYx5_5c.jpg,Dylan Park / Park Dong Joo
26,Angel's Last Mission: Love,8.5, #252, #93,Kim Myung Soo, Male,https://i.mydramalist.com/qw1k8c.jpg,Kim Dan / Yoo Sung Woo
27,Angel's Last Mission: Love,8.5, #252, #93,Shin Hye Sun, Female,https://i.mydramalist.com/q5VbB_5c.jpg,Lee Yeon Seo | Choi Sul Hee
28,Another Miss Oh,8.3, #460, #94,Eric Mun, Male,https://i.mydramalist.com/5y5Jyc.jpg,Park Do Kyung
29,Another Miss Oh,8.3, #460, #94,Seo Hyun Jin, Female,https://i.mydramalist.com/RkJVxc.jpg,Oh Hae Young #1
30,Arang and the Magistrate,7.9, #1207, #197,Shin Min Ah, Female,https://i.mydramalist.com/Q71NAc.jpg,Ah Rang / Lee Seo Rim
31,Arang and the Magistrate,7.9, #1207, #197,Lee Joon Gi, Male,https://i.mydramalist.com/67r8d_5c.jpg,Kim Eun Oh
32,Are You Human Too?,8.3, #342, #71,Seo Kang Joon, Male,https://i.mydramalist.com/rbPe2c.jpg,Nam Shin / Android Nam Shin III
33,Are You Human Too?,8.3, #342, #71,Gong Seung Yeon, Female,https://i.mydramalist.com/jYwqJ_5c.jpg,Kang So Bong
34,Arthdal Chronicles Part 1: The Children of Prophecy,8.5, #239, #292,Song Joong Ki, Male,https://i.mydramalist.com/1kymd_5c.jpg,Eun Seom
35,Arthdal Chronicles Part 1: The Children of Prophecy,8.5, #239, #292,Kim Ji Won, Female,https://i.mydramalist.com/vqA4Bc.jpg,Tan Ya
36,Arthdal Chronicles Part 3: The Prelude To All Legends,8.6, #99, #579,Song Joong Ki, Male,https://i.mydramalist.com/1kymd_5c.jpg,Eun Seom | Sa Ya
37,Arthdal Chronicles Part 3: The Prelude To All Legends,8.6, #99, #579,Kim Ji Won, Female,https://i.mydramalist.com/vqA4Bc.jpg,Tan Ya
38,Baby-faced Beauty,7.1, #4167, #707,Jang Na Ra, Female,https://i.mydramalist.com/ZrBJkc.jpg,Choi Jin Wook
39,Baby-faced Beauty,7.1, #4167, #707,Choi Daniel, Male,https://i.mydramalist.com/xg8WXc.jpg,Lee So Young
40,Backstreet Rookie,7.7, #1919, #264,Kim Yoo Jung, Female,https://i.mydramalist.com/JxKJYc.jpg,Jung Saet Byul
41,Backstreet Rookie,7.7, #1919, #264,Ji Chang Wook, Male,https://i.mydramalist.com/jAOovc.jpg,Choi Dae Hyun
42,Bad Guy,7.7, #2214, #785,Kim Nam Gil, Male,https://i.mydramalist.com/RJLdgc.jpg,Shim Gun Wook
43,Bad Guy,7.7, #2214, #785,Oh Yeon Soo, Female,https://i.mydramalist.com/18QO5_5c.jpg,Hong Tae Ra
44,Beautiful Gong Shim,7.8, #1596, #193,Namgoong Min, Male,https://i.mydramalist.com/kEQyOc.jpg,Ahn Dan Tae / Suk Joon Pyo
45,Beautiful Gong Shim,7.8, #1596, #193,Bang Min Ah, Female,https://i.mydramalist.com/XboRwc.jpg,Gong Shim
46,Because It's The First Time,7.6, #499, Not Yet Rated,Park So Dam, Female,https://i.mydramalist.com/1qm06c.jpg,Han Song Yi
47,Because It's The First Time,7.6, #499, Not Yet Rated,Choi Min Ho, Male,https://i.mydramalist.com/XbLZnc.jpg,Yoon Tae Oh
48,Because This is My First Life,8.6, #146, #39,Jung So Min, Female,https://i.mydramalist.com/dY80Kc.jpg,Nam Se Hee
49,Because This is My First Life,8.6, #146, #39,Lee Min Ki, Male,https://i.mydramalist.com/wE3Qp_5c.jpg,Yoon Ji Ho
50,Bel Ami,6.7, #4596, #293,Jang Geun Suk, Male,https://i.mydramalist.com/rbpd2c.jpg,Dok Go Ma Te
51,Bel Ami,6.7, #4596, #293,IU, Female,https://i.mydramalist.com/qRVoD_5c.jpg,Kim Bo Tong
52,Best Mistake,7.8, #1506, #1085,Kang Yul, Male,https://i.mydramalist.com/vqBQ2c.jpg,Ji Hyun Ho
53,Best Mistake,7.8, #1506, #1085,Lee Eun Jae, Female,https://i.mydramalist.com/jXkjwc.jpg,Kim Yeon Doo
54,Best Wedding,7.2, #4005, #1047,Park Shi Yeon, Female,https://i.mydramalist.com/81jbAc.jpg,Jo Eun Cha
55,Best Wedding,7.2, #4005, #1047,Bae Soo Bin, Male,https://i.mydramalist.com/X3jAJc.jpg,Cha Gi Yeong
56,Big,7.0, #4254, #146,Lee Min Jung, Female,https://i.mydramalist.com/EyBxb_5c.jpg,Gil Da Ran
57,Big,7.0, #4254, #146,Gong Yoo, Male,https://i.mydramalist.com/XKLRxc.jpg,Seo Yoon Jae / Kang Kyung Joon
58,Birth of a Beauty,7.5, #2900, #188,Joo Sang Wook, Male,https://i.mydramalist.com/1gJlzc.jpg,Han Tae Hee
59,Birth of a Beauty,7.5, #2900, #188,Han Ye Seul, Female,https://i.mydramalist.com/jZQdJ_5c.jpg,Sa Ra / Sa Geum Ran
60,Black,8.1, #747, #128,Go Ah Ra, Female,https://i.mydramalist.com/ejKbK_5c.jpg,Kang Ha Ram
61,Black,8.1, #747, #128,Song Seung Heon, Male,https://i.mydramalist.com/vqlqec.jpg,Han Moo Gang / Grim Reaper Black
62,Black Knight: The Man Who Guards Me,7.2, #3989, #663,Shin Se Kyung, Female,https://i.mydramalist.com/ZQkkj_5c.jpg,Jung Hae Ra / Boon Yi
63,Black Knight: The Man Who Guards Me,7.2, #3989, #663,Kim Rae Won, Male,https://i.mydramalist.com/vEpkg_5c.jpg,Moon Soo Ho / Lee Myung So
64,Blood,7.4, #3248, #100,Gu Hye Seon, Female,https://i.mydramalist.com/EoYx5_5c.jpg,Yoo Ri Ta
65,Blood,7.4, #3248, #100,Ahn Jae Hyun, Male,https://i.mydramalist.com/dJjDW_5c.jpg,Park Ji Sang
66,Born Again,7.2, #4008, #776,Jang Ki Yong, Male,https://i.mydramalist.com/XyzbZ_5c.jpg,Chun Jong Bum | Gong Ji Chul [1980s]
67,Born Again,7.2, #4008, #776,Jin Se Yeon, Female,https://i.mydramalist.com/vzjEW_5c.jpg,Jung Sa Bin | Jung Ha Eun [1980s]
68,Bride of the Century,7.9, #1374, #218,Lee Hong Ki, Male,https://i.mydramalist.com/qw6Rzc.jpg,Na Doo Rim | Jang Yi Kyung | Soon Bok [Young] | Boon Ee
69,Bride of the Century,7.9, #1374, #218,Yang  Jin Sung, Female,https://i.mydramalist.com/ejX7Y_5c.jpg,Choi Kang Joo
70,"Bring It On, Ghost",8.2, #641, #65,Ok Taec Yeon, Male,https://i.mydramalist.com/Xb0ngc.jpg,Park Bong Pal
71,"Bring It On, Ghost",8.2, #641, #65,Kim So Hyun, Female,https://i.mydramalist.com/vdVeqc.jpg,Kim Hyun Ji
72,Can We Get Married?,7.1, #4094, #851,Jung So Min, Female,https://i.mydramalist.com/dY80Kc.jpg,Jung Hoon
73,Can We Get Married?,7.1, #4094, #851,Sung Joon, Male,https://i.mydramalist.com/Yy0xQc.jpg,Hye Yoon
74,Catch the Ghost,8.1, #759, #521,Moon Geun Young, Female,https://i.mydramalist.com/xYYlNc.jpg, Go Ji Suk
75,Catch the Ghost,8.1, #759, #521,Kim Seon Ho, Male,https://i.mydramalist.com/p3LJD_5c.jpg,Yoo Ryung | Yoo Jin
76,"Cheat On Me, If You Can",7.8, #1646, #1275,Go Joon, Male,https://i.mydramalist.com/EQ2EQ_5c.jpg,Kang Yeo Joo
77,"Cheat On Me, If You Can",7.8, #1646, #1275,Cho Yeo Jung, Female,https://i.mydramalist.com/WB68mc.jpg,Han Woo Sung
78,Cheese in the Trap,7.6, #2335, #24,Kim Go Eun, Female,https://i.mydramalist.com/rg14N_5c.jpg,Yoo Jung
79,Cheese in the Trap,7.6, #2335, #24,Park Hae Jin, Male,https://i.mydramalist.com/BwX6qc.jpg,Hong Seol
80,Cheongdamdong Alice,7.2, #3950, #386,Moon Geun Young, Female,https://i.mydramalist.com/xYYlNc.jpg,Cha Seung Jo
81,Cheongdamdong Alice,7.2, #3950, #386,Park Shi Hoo, Male,https://i.mydramalist.com/2DjjVc.jpg,Han Se Kyung
82,Chicago Typewriter,8.8, #49, #101,Im Soo Jung, Female,https://i.mydramalist.com/W3bXpc.jpg,Jun Seol | Ryu Soo Hyun
83,Chicago Typewriter,8.8, #49, #101,Yoo Ah In, Male,https://i.mydramalist.com/pO1V8c.jpg,Han Se Joo | Seo Hwi Young
84,Choco Bank,7.2, #3979, #797,Kai, Male,https://i.mydramalist.com/ArQkZc.jpg,Kim Eun Haeng
85,Choco Bank,7.2, #3979, #797,Park Eun Bin, Female,https://i.mydramalist.com/WAPAXc.jpg,Ha Cho Co
86,Chocolate,8.1, #756, #435,Ha Ji Won, Female,https://i.mydramalist.com/E2eb5c.jpg,Moon Cha Young
87,Chocolate,8.1, #756, #435,Yoon Kye Sang, Male,https://i.mydramalist.com/QNZo7c.jpg,Lee Kang
88,Chuno,8.0, #1013, #852,Jang Hyuk, Male,https://i.mydramalist.com/01XN7c.jpg,Lee Dae Gil
89,Chuno,8.0, #1013, #852,Lee Da Hae, Female,https://i.mydramalist.com/0AweOc.jpg,Un Nyun / Kim Hye Won
90,Cinderella and the Four Knights,7.8, #1637, #34,Jung Il Woo, Male,https://i.mydramalist.com/Bx8oAc.jpg,Eun Ha Won
91,Cinderella and the Four Knights,7.8, #1637, #34,Park So Dam, Female,https://i.mydramalist.com/1qm06c.jpg,Kang Ji Woon / Han Ji Woon
92,Cinderella's Sister,7.1, #4115, #431,Moon Geun Young, Female,https://i.mydramalist.com/xYYlNc.jpg,Hong Ki Hoon
93,Cinderella's Sister,7.1, #4115, #431,Chun Jung Myung, Male,https://i.mydramalist.com/08rD4_5c.jpg,Song Eun Ju
94,City Hunter,8.4, #301, #20,Park Min Young, Female,https://i.mydramalist.com/qlep0_5c.jpg,Kim Na Na
95,City Hunter,8.4, #301, #20,Lee Min Ho, Male,https://i.mydramalist.com/kEpQwc.jpg,"Lee Yoon Sung / ""Poochai"""
96,Clean With Passion For Now,7.8, #1804, #165,Kim Yoo Jung, Female,https://i.mydramalist.com/XzDjX_5c.jpg,Gil Oh Sol
97,Clean With Passion For Now,7.8, #1804, #165,Yoon Kyun Sang, Male,https://i.mydramalist.com/j30Wz_5c.jpg,Jang Sun Gyeol
98,Click Your Heart,7.2, #3871, #478,Mina, Female,https://i.mydramalist.com/dv07Kc.jpg,Baek Ju Ho
99,Click Your Heart,7.2, #3871, #478,Zu Ho, Male,https://i.mydramalist.com/XBAoq_5c.jpg,Kwon Mi Na
100,Coffee House,6.6, #4609, #985,Ham Eun Jung, Female,https://i.mydramalist.com/1ADrz_5c.jpg,Kang Seung Yeon
101,Coffee House,6.6, #4609, #985,Kang Ji Hwan, Male,https://i.mydramalist.com/j2rRbc.jpg,Lee Jin Soo
102,Come and Hug Me,8.4, #299, #147,Jang Ki Yong, Male,https://i.mydramalist.com/XyzbZ_5c.jpg,Chae Do Jin / Yoon Na Moo
103,Come and Hug Me,8.4, #299, #147,Jin Ki Joo, Female,https://i.mydramalist.com/r7XQ7_5c.jpg,Han Jae Yi / Gil Nak Won
104,Crash Landing on You,8.9, #24, #18,Hyun Bin, Male,https://i.mydramalist.com/qAkLdc.jpg,Ri Jung Hyuk
105,Crash Landing on You,8.9, #24, #18,Son Ye Jin, Female,https://i.mydramalist.com/vgnXX_5c.jpg,"Yoon Se Ri / ""Sam Suk"""
106,Cruel City,8.6, #125, #261,Nam Gyu Ri, Female,https://i.mydramalist.com/BZbnl_5c.jpg,Yoon Soo Min
107,Cruel City,8.6, #125, #261,Jung Kyung Ho, Male,https://i.mydramalist.com/EyqBz_5c.jpg,"""Doctor's Son"" / Jung Shi Hyun"
108,Cunning Single Lady,7.8, #1500, #195,Lee Min Jung, Female,https://i.mydramalist.com/EyBxb_5c.jpg,Cha Jung Woo
109,Cunning Single Lady,7.8, #1500, #195,Joo Sang Wook, Male,https://i.mydramalist.com/1gJlzc.jpg,Na Ae Ra
110,D-Day,8.3, #500, #341,Jung So Min, Female,https://i.mydramalist.com/dY80Kc.jpg,Dr. Jung Ddol Mi
111,D-Day,8.3, #500, #341,Kim Young Kwang, Male,https://i.mydramalist.com/QNxJQc.jpg,Dr. Lee Hae Sung
112,Dating Agency: Cyrano,7.4, #3403, #539,Choi Soo Young, Female,https://i.mydramalist.com/eW85d_5c.jpg,Seo Byung Hoon
113,Dating Agency: Cyrano,7.4, #3403, #539,Lee Jong Hyuk, Male,https://i.mydramalist.com/dv6NKc.jpg,Gong Min Young
114,Descendants of the Sun,8.7, #76, #3,Song Hye Kyo, Female,https://i.mydramalist.com/Qrn7v_5c.jpg,Dr. Kang Mo Yeon
115,Descendants of the Sun,8.7, #76, #3,Song Joong Ki, Male,https://i.mydramalist.com/1kymd_5c.jpg,Yoo Shi Jin
116,Devilish Joy,7.9, #1254, #332,Song  Ha Yoon, Female,https://i.mydramalist.com/pv0N8c.jpg,Joo Ki Beum
117,Devilish Joy,7.9, #1254, #332,Choi Jin Hyuk, Male,https://i.mydramalist.com/xYDEzc.jpg,Gong Ma Sung
118,Dinner Mate,7.9, #1242, #486,Song Seung Heon, Male,https://i.mydramalist.com/vqlqec.jpg,Kim Hae Kyung
119,Dinner Mate,7.9, #1242, #486,Seo Ji Hye, Female,https://i.mydramalist.com/XEdgpc.jpg,Woo Do Hee
120,Discovery of Romance,7.6, #2468, #502,Jung Yu Mi, Female,https://i.mydramalist.com/pRQxE_5c.jpg,Kang Tae Ha
121,Discovery of Romance,7.6, #2468, #502,Eric Mun, Male,https://i.mydramalist.com/5y5Jyc.jpg,Han Yeo Reum
122,Do Do Sol Sol La La Sol,7.7, #1843, #324,Go Ah Ra, Female,https://i.mydramalist.com/ejKbK_5c.jpg,Sun Woo Joon
123,Do Do Sol Sol La La Sol,7.7, #1843, #324,Lee Jae Wook, Male,https://i.mydramalist.com/pzon8_5c.jpg,Goo Ra Ra
124,Do You Like Brahms?,8.1, #781, #511,Park Eun Bin, Female,https://i.mydramalist.com/WAPAXc.jpg,Park Joon Young
125,Do You Like Brahms?,8.1, #781, #511,Kim Min Jae, Male,https://i.mydramalist.com/w7qyA_5c.jpg,Chae Song Ah
126,Doctor John,8.5, #214, #300,Lee Se Young, Female,https://i.mydramalist.com/jgO1B_5c.jpg,Kang Shi Young
127,Doctor John,8.5, #214, #300,Ji Sung, Male,https://i.mydramalist.com/XrQXXc.jpg,Cha Yo Han
128,Doctor Stranger,7.9, #1489, #52,Jin Se Yeon, Female,https://i.mydramalist.com/vzjEW_5c.jpg,Song Jae Hee / Han Seung Hee
129,Doctor Stranger,7.9, #1489, #52,Lee Jong Suk, Male,https://i.mydramalist.com/XbzDnc.jpg,Park Hoon
130,Doctors,7.8, #1604, #54,Kim Rae Won, Male,https://i.mydramalist.com/vEpkg_5c.jpg,Professor Hong Ji Hong
131,Doctors,7.8, #1604, #54,Park Shin Hye, Female,https://i.mydramalist.com/pYK4r_5c.jpg,Dr. Yoo Hye Jung
132,Dong Yi,8.4, #291, #634,Han Hyo Joo, Female,https://i.mydramalist.com/BoB0z_5c.jpg,King Suk Jong
133,Dong Yi,8.4, #291, #634,Ji Jin Hee, Male,https://i.mydramalist.com/43jwQc.jpg,Dong Yi / Choi Suk Bin
134,Dramaworld,7.1, #4114, #713,Sean Richard , Male,https://i.mydramalist.com/XrklZc.jpg,Joon Park
135,Dramaworld,7.1, #4114, #713,Liv Hewson, Female,https://i.mydramalist.com/WzOwm_5c.jpg,Claire Duncan
136,Dream High,8.0, #999, #33,Kim Soo Hyun, Male,https://i.mydramalist.com/WonJO_5c.jpg,Go Hye Mi
137,Dream High,8.0, #999, #33,Bae Suzy, Female,https://i.mydramalist.com/pOqyQc.jpg,Song Sam Dong
138,Dream High 2,6.8, #4441, #135,Jung Jin Woon, Male,https://i.mydramalist.com/Y8Y4ec.jpg,Shin Hae Sung
139,Dream High 2,6.8, #4441, #135,Kang So Ra, Female,https://i.mydramalist.com/w2dQYc.jpg,Jin Yoo Jin
140,Dream Knight,7.4, #3444, #349,JB, Male,https://i.mydramalist.com/WgZBX_5c.jpg,Joo In Hyung
141,Dream Knight,7.4, #3444, #349,Song  Ha Yoon, Female,https://i.mydramalist.com/pv0N8c.jpg,[Himself]
142,Drinking Solo,7.7, #2010, #471,Ha Seok Jin, Male,https://i.mydramalist.com/1Aoeb_5c.jpg,Professor Jin Jung Seok
143,Drinking Solo,7.7, #2010, #471,Park Ha Sun, Female,https://i.mydramalist.com/4YeqK_5c.jpg,Professora Park Ha Na
144,EXO Next Door,7.7, #1985, #122,Park Chan Yeol, Male,https://i.mydramalist.com/EoQrl_5c.jpg,Himself
145,EXO Next Door,7.7, #1985, #122,Moon Ga Young, Female,https://i.mydramalist.com/BynQl_5c.jpg,Ji Yeon Hee
146,Emergency Couple,8.0, #1135, #82,Song Ji Hyo, Female,https://i.mydramalist.com/xYozyc.jpg,Oh Chang Min
147,Emergency Couple,8.0, #1135, #82,Choi Jin Hyuk, Male,https://i.mydramalist.com/xYDEzc.jpg,Oh Jin Hee
148,Empress Ki,8.6, #131, #148,Ha Ji Won, Female,https://i.mydramalist.com/E2eb5c.jpg,Emperor Toghon Temur / Ta Hwan
149,Empress Ki,8.6, #131, #148,Ji Chang Wook, Male,https://i.mydramalist.com/jAOovc.jpg,Empress Ki Yang / Ki Seung Nyang
150,Encounter,8.1, #863, #226,Park Bo Gum, Male,https://i.mydramalist.com/p3Qx8_5c.jpg,Cha Soo Hyun
151,Encounter,8.1, #863, #226,Song Hye Kyo, Female,https://i.mydramalist.com/Qrn7v_5c.jpg,Kim Jin Hyuk
152,Extraordinary You,8.4, #280, #62,Ro Woon, Male,https://i.mydramalist.com/qw7m0c.jpg,Eun Dan Oh
153,Extraordinary You,8.4, #280, #62,Kim Hye Yoon, Female,https://i.mydramalist.com/pVvDE_5c.jpg,"Ha Ru / ""Number 13"""
154,Faith,8.1, #779, #89,Lee Min Ho, Male,https://i.mydramalist.com/kEpQwc.jpg,Dr. Yoo Eun Soo
155,Faith,8.1, #779, #89,Kim Hee Sun, Female,https://i.mydramalist.com/4NAmK_5c.jpg,General Choi Yeong
156,Falling for Innocence,8.2, #582, #154,Jung Kyung Ho, Male,https://i.mydramalist.com/EyqBz_5c.jpg,"Kang Min Ho / James Kang / ""Captain Hook"""
157,Falling for Innocence,8.2, #582, #154,Kim So Yeon, Female,https://i.mydramalist.com/jxYeJ_5c.jpg,Kim Soon Jung
158,Familiar Wife,8.1, #832, #443,Ji Sung, Male,https://i.mydramalist.com/XrQXXc.jpg,Cha Joo Hyuk
159,Familiar Wife,8.1, #832, #443,Han Ji Min, Female,https://i.mydramalist.com/jeLxb_5c.jpg,Seo Woo Jin
160,Fated to Love You,8.2, #616, #64,Jang Na Ra, Female,https://i.mydramalist.com/ZrBJkc.jpg,Kim Mi Young
161,Fated to Love You,8.2, #616, #64,Jang Hyuk, Male,https://i.mydramalist.com/01XN7c.jpg,Lee Gun
162,Feel Good To Die,7.8, #1563, #1063,Kang Ji Hwan, Male,https://i.mydramalist.com/j2rRbc.jpg,Lee Roo Da
163,Feel Good To Die,7.8, #1563, #1063,Baek Jin Hee, Female,https://i.mydramalist.com/vqJRec.jpg,Baek Jin Sang
164,Fight For My Way,8.5, #194, #25,Kim Ji Won, Female,https://i.mydramalist.com/vqA4Bc.jpg,Choi Ae Ra
165,Fight For My Way,8.5, #194, #25,Park Seo Joon, Male,https://i.mydramalist.com/j8meyc.jpg,Ko Dong Man
166,Find Me in Your Memory,8.2, #541, #364,Kim Dong Wook, Male,https://i.mydramalist.com/R4bVE_5c.jpg,Lee Jung Hoon
167,Find Me in Your Memory,8.2, #541, #364,Moon Ga Young, Female,https://i.mydramalist.com/BynQl_5c.jpg,"Yeo Ha Jin / ""Ha Na"""
168,Five Enough,8.3, #495, #980,So Yoo Jin, Female,https://i.mydramalist.com/g4X0Oc.jpg,Ahn Mi Jung
169,Five Enough,8.3, #495, #980,Ahn Jae Wook, Male,https://i.mydramalist.com/RQNkY_5c.jpg,Lee Sang Tae
170,Flower Boy Next Door,7.6, #2428, #57,Park Shin Hye, Female,https://i.mydramalist.com/pYK4r_5c.jpg,Enrique Geum
171,Flower Boy Next Door,7.6, #2428, #57,Yoon Shi Yoon, Male,https://i.mydramalist.com/43zLwc.jpg,Go Dok Mi
172,Flower Boy Ramen Shop,7.4, #3362, #102,Jung Il Woo, Male,https://i.mydramalist.com/Bx8oAc.jpg,Cha Chi Soo
173,Flower Boy Ramen Shop,7.4, #3362, #102,Lee Chung Ah, Female,https://i.mydramalist.com/0ldqK_5c.jpg,Yang Eun Bi
174,Flower Crew: Joseon Marriage Agency,7.7, #1900, #741,Gong Seung Yeon, Female,https://i.mydramalist.com/jYwqJ_5c.jpg,Gae Ddong / Yoon Su Yeon
175,Flower Crew: Joseon Marriage Agency,7.7, #1900, #741,Kim Min Jae, Male,https://i.mydramalist.com/w7qyA_5c.jpg,Ma Hoon
176,Flower of Evil,9.1, #4, #104,Lee Joon Gi, Male,https://i.mydramalist.com/67r8d_5c.jpg,Baek Hee Sung / Do Hyun Soo
177,Flower of Evil,9.1, #4, #104,Moon Chae Won, Female,https://i.mydramalist.com/pRJqe_5c.jpg,Cha Ji Won
178,Forest,7.8, #1636, #595,Jo Bo Ah, Female,https://i.mydramalist.com/v32qe_5c.jpg,Jung Young Jae
179,Forest,7.8, #1636, #595,Park Hae Jin, Male,https://i.mydramalist.com/BwX6qc.jpg,Kang San Hyuk
180,Full House Take 2,7.2, #3876, #399,Hwang Jung Eum, Female,https://i.mydramalist.com/232Lwc.jpg,Jang Man Ok / Jang Michelle
181,Full House Take 2,7.2, #3876, #399,Noh Min Woo, Male,https://i.mydramalist.com/kWDnkc.jpg,Lee Tae Ik
182,Go Back Couple,8.6, #117, #199,Jang Na Ra, Female,https://i.mydramalist.com/ZrBJkc.jpg,Choi Ban Do
183,Go Back Couple,8.6, #117, #199,Son Ho Jun, Male,https://i.mydramalist.com/BNjpR_5c.jpg,Ma Jin Joo
184,Go Ho's Starry Night,8.2, #566, #296,Kim Young Kwang, Male,https://i.mydramalist.com/QNxJQc.jpg,Go Ho
185,Go Ho's Starry Night,8.2, #566, #296,Kwon Yu Ri, Female,https://i.mydramalist.com/xQpp0c.jpg,Kang Tae Ho / Park Kwang Soo
186,Goblin,8.9, #33, #1,Gong Yoo, Male,https://i.mydramalist.com/XKLRxc.jpg,Kim Shin
187,Goblin,8.9, #33, #1,Kim Go Eun, Female,https://i.mydramalist.com/rg14N_5c.jpg,Ji Eun Tak
188,Good Doctor,8.3, #347, #127,Moon Chae Won, Female,https://i.mydramalist.com/pRJqe_5c.jpg,Cha Yoon Su
189,Good Doctor,8.3, #347, #127,Joo Won, Male,https://i.mydramalist.com/wrJg1_5c.jpg,Park Shi On
190,Gu Family Book,8.3, #365, #107,Bae Suzy, Female,https://i.mydramalist.com/pOqyQc.jpg,Dam Yeo Wool
191,Gu Family Book,8.3, #365, #107,Lee Seung Gi, Male,https://i.mydramalist.com/B3RRqc.jpg,Choi Kang Chi
192,Gunman In Joseon,7.6, #2282, #747,Nam Sang Mi, Female,https://i.mydramalist.com/dB82b_5c.jpg,Jung Soo In
193,Gunman In Joseon,7.6, #2282, #747,Lee Joon Gi, Male,https://i.mydramalist.com/67r8d_5c.jpg,Park Yoon Kang
194,Haechi,8.0, #1072, #1157,Go Ah Ra, Female,https://i.mydramalist.com/ejKbK_5c.jpg,Chun Yeo Ji
195,Haechi,8.0, #1072, #1157,Jung Il Woo, Male,https://i.mydramalist.com/Bx8oAc.jpg,Yi Geum / Prince Yeo Ning
196,He Is Psychometric,8.4, #332, #78,Shin Ye Eun, Female,https://i.mydramalist.com/25K5V_5c.jpg,Yoon Jae In
197,He Is Psychometric,8.4, #332, #78,Park Jin Young, Male,https://i.mydramalist.com/dvozdc.jpg,Lee Ahn
198,Healer,8.9, #25, #10,Park Min Young, Female,https://i.mydramalist.com/qlep0_5c.jpg,Chae Yeong Shin / Oh Ji An
199,Healer,8.9, #25, #10,Ji Chang Wook, Male,https://i.mydramalist.com/jAOovc.jpg,"Seo Jung Hoo / Park Bong Soo / ""Healer"""
200,Heart to Heart,7.9, #1192, #470,Chun Jung Myung, Male,https://i.mydramalist.com/08rD4_5c.jpg,Cha Hong Do
201,Heart to Heart,7.9, #1192, #470,Choi Kang Hee, Female,https://i.mydramalist.com/dBjrW_5c.jpg,Ko Yi Seok
202,Heartstrings,7.5, #2781, #45,Jung Yong Hwa, Male,https://i.mydramalist.com/QY4qQ_5c.jpg,Lee Kyu Won
203,Heartstrings,7.5, #2781, #45,Park Shin Hye, Female,https://i.mydramalist.com/pYK4r_5c.jpg,Lee Shin
204,Her Private Life,8.4, #279, #47,Kim Jae Wook, Male,https://i.mydramalist.com/vdpP2c.jpg,Sung Duk Mi
205,Her Private Life,8.4, #279, #47,Park Min Young, Female,https://i.mydramalist.com/qlep0_5c.jpg,Ryan Gold / Heo Yoon Jae
206,"Hi Bye, Mama!",8.5, #247, #290,Lee Kyu Hyung, Male,https://i.mydramalist.com/BNP67_5c.jpg,Cha Yu Ri
207,"Hi Bye, Mama!",8.5, #247, #290,Kim Tae Hee, Female,https://i.mydramalist.com/2JoxW_5c.jpg,Jo Gang Hwa
208,Hi! School - Love On,7.6, #2399, #133,Nam Woo Hyun, Male,https://i.mydramalist.com/2qWZ7c.jpg,Lee Seul Bi
209,Hi! School - Love On,7.6, #2399, #133,Kim Sae Ron, Female,https://i.mydramalist.com/qOrRBc.jpg,Shin Woo Hyun
210,High School King of Savvy,7.7, #1872, #250,Lee  Ha Na , Female,https://i.mydramalist.com/4k3prc.jpg,Jung Soo Young
211,High School King of Savvy,7.7, #1872, #250,Seo In Guk, Male,https://i.mydramalist.com/QXz3Ac.jpg,Lee Min Suk / Lee Hyung Suk
212,High Society,7.3, #3731, #201,Sung Joon, Male,https://i.mydramalist.com/Yy0xQc.jpg,Jang Yoon Ha
213,High Society,7.3, #3731, #201,Uee, Female,https://i.mydramalist.com/R3v5Pc.jpg,Choi Joon Ki
214,High-end Crush,7.8, #1694, #316,Jung Il Woo, Male,https://i.mydramalist.com/Bx8oAc.jpg,Choi Se Hoon
215,High-end Crush,7.8, #1694, #316,Jin Se Yeon, Female,https://i.mydramalist.com/vzjEW_5c.jpg,Yoo Yi Ryeong
216,Hit the Top,8.1, #705, #164,Lee Se Young, Female,https://i.mydramalist.com/jgO1B_5c.jpg,Choi Woo Seung
217,Hit the Top,8.1, #705, #164,Yoon Shi Yoon, Male,https://i.mydramalist.com/43zLwc.jpg,Yoo Hyun Jae / Kim Da Bong
218,Ho Goo's Love,8.1, #888, #345,Uee, Female,https://i.mydramalist.com/R3v5Pc.jpg,Kang Ho Goo
219,Ho Goo's Love,8.1, #888, #345,Choi  Woo Shik, Male,https://i.mydramalist.com/xWAE0_5c.jpg,Do Do Hee
220,Hotel King,7.8, #1836, #340,Lee Dong Wook, Male,https://i.mydramalist.com/Zvejqc.jpg,Cha Jae Wan / Hyun Woo
221,Hotel King,7.8, #1836, #340,Lee Da Hae, Female,https://i.mydramalist.com/0AweOc.jpg,Ah Mo Nae
222,Hotel del Luna,8.7, #78, #26,IU, Female,https://i.mydramalist.com/qRVoD_5c.jpg,Goo Chan Sung
223,Hotel del Luna,8.7, #78, #26,Yeo Jin Goo, Male,https://i.mydramalist.com/0vVlec.jpg,Jang Man Wol
224,Hwarang,8.0, #1095, #42,Go Ah Ra, Female,https://i.mydramalist.com/ejKbK_5c.jpg,Ah Ro
225,Hwarang,8.0, #1095, #42,Park Seo Joon, Male,https://i.mydramalist.com/j8meyc.jpg,Moo Myung / Kim Sun Woo
226,"Hyde, Jekyll, Me",7.4, #3256, #176,Han Ji Min, Female,https://i.mydramalist.com/jeLxb_5c.jpg,Jang Ha Na
227,"Hyde, Jekyll, Me",7.4, #3256, #176,Hyun Bin, Male,https://i.mydramalist.com/qAkLdc.jpg,Goo Seo Jin / Robin
228,Hyena,8.3, #383, #647,Joo Ji Hoon, Male,https://i.mydramalist.com/pOrorc.jpg,Yoon Hee Jae
229,Hyena,8.3, #383, #647,Kim Hye Soo, Female,https://i.mydramalist.com/exkqp_5c.jpg,"Jung Geum Ja / ""Kim Hee Sun"" / Jung Eun Young"
230,"I  Do, I Do",7.3, #3540, #494,Lee Jang Woo, Male,https://i.mydramalist.com/623KWc.jpg,Hwang Ji An
231,"I  Do, I Do",7.3, #3540, #494,Kim Sun Ah, Female,https://i.mydramalist.com/2N31Vc.jpg,Park Tae Kang
232,I Hear Your Voice,8.6, #121, #21,Lee Jong Suk, Male,https://i.mydramalist.com/XbzDnc.jpg,Park Soo Ha
233,I Hear Your Voice,8.6, #121, #21,Lee Bo Young, Female,https://i.mydramalist.com/0d7YO_5c.jpg,Jang Hye Sung
234,I Need Romance,7.3, #3589, #665,Kim Jung Hoon, Male,https://i.mydramalist.com/d0x50c.jpg,Sun Woo In Young
235,I Need Romance,7.3, #3589, #665,Cho Yeo Jung, Female,https://i.mydramalist.com/WB68mc.jpg,Kim Sung Soo
236,I Need Romance 2,7.5, #2825, #764,Jung Yoo Mi, Female,https://i.mydramalist.com/VXl7mc.jpg,Yoon Seok Hyun
237,I Need Romance 2,7.5, #2825, #764,Lee Jin Wook, Male,https://i.mydramalist.com/qbx58c.jpg,Joo Yeol Mae
238,I Need Romance 3,7.9, #1450, #394,Sung Joon, Male,https://i.mydramalist.com/Yy0xQc.jpg,Shin Joo Yeon
239,I Need Romance 3,7.9, #1450, #394,Kim So Yeon, Female,https://i.mydramalist.com/jxYeJ_5c.jpg,Joo Wan / Allen Joo
240,I Picked Up a Star on the Road,7.5, #2804, #689,Kim Ga Eun, Female,https://i.mydramalist.com/l01bvc.jpg,Lee Yeon Seo
241,I Picked Up a Star on the Road,7.5, #2804, #689,Sung Hoon, Male,https://i.mydramalist.com/xYb03c.jpg,Kang Joon Hyuk
242,I'm Not a Robot,8.5, #222, #23,Yoo Seung Ho, Male,https://i.mydramalist.com/BDveR_5c.jpg,Kim Min Kyu
243,I'm Not a Robot,8.5, #222, #23,Chae Soo Bin, Female,https://i.mydramalist.com/ZoeeOc.jpg,Jo Ji Ah | Aji-3
244,Inspiring Generation,7.2, #3908, #806,Jin Se Yeon, Female,https://i.mydramalist.com/vzjEW_5c.jpg,Ok Ryeon
245,Inspiring Generation,7.2, #3908, #806,Kim Hyun Joong, Male,https://i.mydramalist.com/XKplxc.jpg,Shin Jung Tae
246,Into the Ring,8.3, #499, #792,Park Sung Hoon, Male,https://i.mydramalist.com/2Z6wk_5c.jpg,Goo Se Ra
247,Into the Ring,8.3, #499, #792,Nana, Female,https://i.mydramalist.com/jbdQB_5c.jpg,Seo Gong Myung
248,Introverted Boss,7.9, #1228, #83,Yeon Woo Jin, Male,https://i.mydramalist.com/1kOqy_5c.jpg,Eun Hwan Ki
249,Introverted Boss,7.9, #1228, #83,Park Hye Soo, Female,https://i.mydramalist.com/2Jn1O_5c.jpg,Chae Ro Woon
250,It's Okay to Not Be Okay,9.1, #10, #28,Kim Soo Hyun, Male,https://i.mydramalist.com/WonJO_5c.jpg, Moon Gang Tae
251,It's Okay to Not Be Okay,9.1, #10, #28,Seo Ye Ji, Female,https://i.mydramalist.com/p3Own_5c.jpg,Ko Moon Young
252,"It's Okay, That's Love",8.7, #89, #30,Gong Hyo Jin, Female,https://i.mydramalist.com/4k0oZc.jpg,Ji Hae Soo
253,"It's Okay, That's Love",8.7, #89, #30,Jo In Sung, Male,https://i.mydramalist.com/w8eqAc.jpg,Jang Jae Yeol
254,Itaewon Class,8.5, #186, #40,Kim Da Mi, Female,https://i.mydramalist.com/rEmV7c.jpg,Jo Yi  Seo
255,Itaewon Class,8.5, #186, #40,Park Seo Joon, Male,https://i.mydramalist.com/j8meyc.jpg,Park Sae Ro Yi
256,Jang Ok Jung,7.8, #1759, #885,Yoo Ah In, Male,https://i.mydramalist.com/pO1V8c.jpg,King Suk Jong
257,Jang Ok Jung,7.8, #1759, #885,Kim Tae Hee, Female,https://i.mydramalist.com/2JoxW_5c.jpg,Jang Ok Jung 
258,Jealousy Incarnate,8.2, #659, #138,Jo Jung Suk, Male,https://i.mydramalist.com/j8VlOc.jpg,Lee Hwa Shin
259,Jealousy Incarnate,8.2, #659, #138,Gong Hyo Jin, Female,https://i.mydramalist.com/4k0oZc.jpg,Pyo Na Ri
260,Jugglers,7.8, #1770, #466,Choi Daniel, Male,https://i.mydramalist.com/xg8WXc.jpg,Nam Chi Won
261,Jugglers,7.8, #1770, #466,Baek Jin Hee, Female,https://i.mydramalist.com/vqJRec.jpg,Jwa Yoon Yi
262,Just Between Lovers,8.6, #119, #68,Lee Jun Ho, Male,https://i.mydramalist.com/BypYl_5c.jpg,Lee Kang Doo
263,Just Between Lovers,8.6, #119, #68,Won Jin Ah, Female,https://i.mydramalist.com/Ey22W_5c.jpg,Ha Moon Soo
264,K-POP - The Ultimate Audition,7.0, #4301, #337,Park Yoo Hwan, Male,https://i.mydramalist.com/qQn8dc.jpg,Ji Seung Yun
265,K-POP - The Ultimate Audition,7.0, #4301, #337,Go Eun Ah, Female,https://i.mydramalist.com/X2KPpc.jpg,Kang Woo Hyeon
266,"Kill Me, Heal Me",8.7, #55, #15,Hwang Jung Eum, Female,https://i.mydramalist.com/232Lwc.jpg,Oh Ri Jin
267,"Kill Me, Heal Me",8.7, #55, #15,Ji Sung, Male,https://i.mydramalist.com/XrQXXc.jpg,Cha Do Hyun
268,King2Hearts,8.3, #492, #112,Lee Seung Gi, Male,https://i.mydramalist.com/B3RRqc.jpg,Prince Lee Jae Ha
269,King2Hearts,8.3, #492, #112,Ha Ji Won, Female,https://i.mydramalist.com/E2eb5c.jpg,Kim Hang Ah
270,Kiss Goblin,8.0, #1061, #1082,Bae In Hyuk, Male,https://i.mydramalist.com/x2gL3c.jpg,Ban Sook [Goblin] / Kim Keon Woo [Human]
271,Kiss Goblin,8.0, #1061, #1082,Jeon Hye Won, Female,https://i.mydramalist.com/Y0dWzc.jpg,Oh Yeon Ah
272,Lawless Lawyer,8.3, #477, #167,Lee Joon Gi, Male,https://i.mydramalist.com/67r8d_5c.jpg,Bong Sang Pil
273,Lawless Lawyer,8.3, #477, #167,Seo Ye Ji, Female,https://i.mydramalist.com/p3Own_5c.jpg,Ha Jae Yi
274,Let's Eat,8.0, #1131, #376,Lee Soo Kyung, Female,https://i.mydramalist.com/j2Wbzc.jpg,Goo Dae Yeong
275,Let's Eat,8.0, #1131, #376,Yoon Doo Joon, Male,https://i.mydramalist.com/RybJY_5c.jpg,Lee Soo Kyung
276,Let's Eat 2,7.9, #1249, #756,Yoon Doo Joon, Male,https://i.mydramalist.com/RybJY_5c.jpg,Goo Dae Yeong
277,Let's Eat 2,7.9, #1249, #756,Seo Hyun Jin, Female,https://i.mydramalist.com/RkJVxc.jpg,Baek Soo Ji
278,Lie After Lie,8.3, #397, #1081,Yeon Jung Hoon, Male,https://i.mydramalist.com/2O3p7c.jpg,Ji Eun Soo
279,Lie After Lie,8.3, #397, #1081,Lee Yoo Ri, Female,https://i.mydramalist.com/qlzQ5_5c.jpg,Kang Ji Min
280,Lie to Me,7.5, #3098, #120,Kang Ji Hwan, Male,https://i.mydramalist.com/j2rRbc.jpg,Gong Ah Jung
281,Lie to Me,7.5, #3098, #120,Yoon Eun Hye, Female,https://i.mydramalist.com/BbAzzc.jpg,Hyun Gi Joon
282,Live,8.7, #69, #433,Lee Kwang Soo, Male,https://i.mydramalist.com/j41rBc.jpg,Yeom Sang Soo
283,Live,8.7, #69, #433,Jung Yu Mi, Female,https://i.mydramalist.com/pRQxE_5c.jpg,Han Jung Oh
284,Live On,8.2, #620, #789,Jung Da Bin, Female,https://i.mydramalist.com/k3lgg_5c.jpg,Go Eun Taek
285,Live On,8.2, #620, #789,Hwang Min Hyun, Male,https://i.mydramalist.com/kKvAj_5c.jpg,Baek Ho Rang
286,Live Up to Your Name,8.3, #469, #381,Kim Nam Gil, Male,https://i.mydramalist.com/RJLdgc.jpg,Heo Im / Heo Ga Im / Heo Bong Tak
287,Live Up to Your Name,8.3, #469, #381,Kim Ah Joong, Female,https://i.mydramalist.com/QPeRg_5c.jpg,Choi Yeon Kyung
288,Love Affairs in the Afternoon,7.9, #1334, #1384,Park Ha Sun, Female,https://i.mydramalist.com/4YeqK_5c.jpg,Son Ji Eun
289,Love Affairs in the Afternoon,7.9, #1334, #1384,Lee Sang Yeob, Male,https://i.mydramalist.com/jZg8r_5c.jpg,Yoon Jung Woo
290,Love Alarm,7.8, #1530, #70,Kim So Hyun, Female,https://i.mydramalist.com/vdVeqc.jpg,Hwang Sun Oh
291,Love Alarm,7.8, #1530, #70,Song Kang, Male,https://i.mydramalist.com/XK1ZZc.jpg,Kim Jo Jo
292,Love Rain,7.6, #2398, #126,Im Yoon Ah, Female,https://i.mydramalist.com/WW0Jp_5c.jpg,Kim Yoon Hee [1970s] / Jung Ha Na [Yoon Hee's daughter]
293,Love Rain,7.6, #2398, #126,Jang Geun Suk, Male,https://i.mydramalist.com/rbpd2c.jpg,Seo In Ha [1970s] / Seo Jun [In Ha's son]
294,Love Revolution,8.1, #714, #1114,Lee Ruby, Female,https://i.mydramalist.com/2E0oV_5c.jpg,Wang Ja Rim
295,Love Revolution,8.1, #714, #1114,Park Ji Hoon, Male,https://i.mydramalist.com/2qWJPc.jpg,Gong Joo Young
296,Love in the Moonlight,8.2, #523, #50,Kim Yoo Jung, Female,https://i.mydramalist.com/XzDjX_5c.jpg,Hong Ra On / Hong Sam Nom
297,Love in the Moonlight,8.2, #523, #50,Park Bo Gum, Male,https://i.mydramalist.com/p3Qx8_5c.jpg,Lee Young / Crown Prince Hyo Myung
298,Love with Flaws,7.7, #1844, #313,Oh Yeon Seo, Female,https://i.mydramalist.com/XgBRgc.jpg,Lee Kang Woo
299,Love with Flaws,7.7, #1844, #313,Ahn Jae Hyun, Male,https://i.mydramalist.com/dJjDW_5c.jpg,Joo Seo Yeon
300,Lovestruck in the City,7.9, #1288, #403,Kim Ji Won, Female,https://i.mydramalist.com/vqA4Bc.jpg,Lee Eun Oh / Yoon Sun Ah
301,Lovestruck in the City,7.9, #1288, #403,Ji Chang Wook, Male,https://i.mydramalist.com/jAOovc.jpg,Park Jae Won
302,Lucky Romance,7.8, #1626, #216,Ryu Joon Yeol, Male,https://i.mydramalist.com/dBNgb_5c.jpg,Shim Bo Nui
303,Lucky Romance,7.8, #1626, #216,Hwang Jung Eum, Female,https://i.mydramalist.com/232Lwc.jpg,Je Su Ho
304,Ma Boy,7.3, #3545, #406,Kim Sun Woong, Male,https://i.mydramalist.com/WbmQWc.jpg,Jang Geu Rim
305,Ma Boy,7.3, #3545, #406,Kim So Hyun, Female,https://i.mydramalist.com/vdVeqc.jpg,Irene/Hyun Woo
306,Madame Antoine,7.4, #3459, #260,Han Ye Seul, Female,https://i.mydramalist.com/jZQdJ_5c.jpg,Go Hye Rim
307,Madame Antoine,7.4, #3459, #260,Sung Joon, Male,https://i.mydramalist.com/Yy0xQc.jpg,Choi Soo Hyun
308,Man to Man,7.8, #1708, #255,Park Hae Jin, Male,https://i.mydramalist.com/BwX6qc.jpg,"Kim Seol Woo / ""K"""
309,Man to Man,7.8, #1708, #255,Kim Min Jung, Female,https://i.mydramalist.com/4B3OY_5c.jpg,Cha Do Ha [Woon Gwang's manager]
310,Marriage Contract,8.1, #871, #351,Uee, Female,https://i.mydramalist.com/R3v5Pc.jpg,Kang Hye Soo
311,Marriage Contract,8.1, #871, #351,Lee Seo Jin, Male,https://i.mydramalist.com/zvDe1c.jpg,Han Ji Hoon
312,"Marriage, Not Dating",8.2, #643, #87,Han Groo, Female,https://i.mydramalist.com/WBE2mc.jpg,Joo Jang Mi
313,"Marriage, Not Dating",8.2, #643, #87,Yeon Woo Jin, Male,https://i.mydramalist.com/1kOqy_5c.jpg,Gong Ki Tae
314,Marry Him If You Dare,6.5, #4636, #432,Yoon Eun Hye, Female,https://i.mydramalist.com/BbAzzc.jpg,Kim Shin
315,Marry Him If You Dare,6.5, #4636, #432,Lee Dong Gun, Male,https://i.mydramalist.com/4DVY1c.jpg,Na Mi Rae
316,Mary Stayed Out All Night,7.1, #4119, #170,Jang Geun Suk, Male,https://i.mydramalist.com/rbpd2c.jpg,Kang Moo Gyul
317,Mary Stayed Out All Night,7.1, #4119, #170,Moon Geun Young, Female,https://i.mydramalist.com/xYYlNc.jpg,Wi Mae Ri
318,Mask,8.1, #748, #251,Joo Ji Hoon, Male,https://i.mydramalist.com/pOrorc.jpg,Byun Ji Suk / Seo Eun Ha
319,Mask,8.1, #748, #251,Park Soo Ae, Female,https://i.mydramalist.com/vg4ye_5c.jpg,Choi Min Woo
320,"Me too, Flower!",7.5, #2889, #402,Lee Ji Ah, Female,https://i.mydramalist.com/ejYj8c.jpg,Seo Jae Hee
321,"Me too, Flower!",7.5, #2889, #402,Yoon Shi Yoon, Male,https://i.mydramalist.com/43zLwc.jpg,Cha Bong Sun
322,Melting Me Softly,7.6, #2594, #156,Won Jin Ah, Female,https://i.mydramalist.com/Ey22W_5c.jpg,Go Mi Ran
323,Melting Me Softly,7.6, #2594, #156,Ji Chang Wook, Male,https://i.mydramalist.com/jAOovc.jpg,Ma Dong Chan
324,Memories of the Alhambra,8.1, #790, #81,Hyun Bin, Male,https://i.mydramalist.com/qAkLdc.jpg,Yoo Jin Woo
325,Memories of the Alhambra,8.1, #790, #81,Park Shin Hye, Female,https://i.mydramalist.com/pYK4r_5c.jpg,Jung Hee Joo / Emma
326,"Meow, the Secret Boy",7.6, #2563, #331,Kim Myung Soo, Male,https://i.mydramalist.com/qw1k8c.jpg,Sergei / Hong Jo
327,"Meow, the Secret Boy",7.6, #2563, #331,Shin Ye Eun, Female,https://i.mydramalist.com/25K5V_5c.jpg,Kim Sol Ah
328,Mirror of the Witch,7.7, #2182, #346,Kim Sae Ron, Female,https://i.mydramalist.com/qOrRBc.jpg,"Seo Ri  / ""Princess Yun Hee"""
329,Mirror of the Witch,7.7, #2182, #346,Yoon Shi Yoon, Male,https://i.mydramalist.com/43zLwc.jpg,Heo Jun
330,Miss Hammurabi,8.2, #681, #247,Go Ah Ra, Female,https://i.mydramalist.com/ejKbK_5c.jpg,Im Ba Reun
331,Miss Hammurabi,8.2, #681, #247,Kim Myung Soo, Male,https://i.mydramalist.com/qw1k8c.jpg,Park Cha Oh Reum
332,Missing 9,7.4, #3458, #320,Jung Kyung Ho, Male,https://i.mydramalist.com/EyqBz_5c.jpg,Seo Jun Oh
333,Missing 9,7.4, #3458, #320,Baek Jin Hee, Female,https://i.mydramalist.com/vqJRec.jpg,Ra Bong Hee
334,Missing You,8.0, #1107, #181,Yoon Eun Hye, Female,https://i.mydramalist.com/BbAzzc.jpg,Han Jung Woo
335,Missing You,8.0, #1107, #181,Park Yoo Chun, Male,https://i.mydramalist.com/QXb5vc.jpg,Lee Soo Yeon / Zoey Lou
336,Misty,8.3, #344, #811,Kim Nam Joo, Female,https://i.mydramalist.com/LdXzgc.jpg,Kang Tae Wook
337,Misty,8.3, #344, #811,Ji Jin Hee, Male,https://i.mydramalist.com/43jwQc.jpg,Go Hye Ran
338,Modern Farmer,7.7, #1837, #506,Lee Hong Ki, Male,https://i.mydramalist.com/qw6Rzc.jpg,Lee Min Ki
339,Modern Farmer,7.7, #1837, #506,Lee Ha Nee, Female,https://i.mydramalist.com/4BEOr_5c.jpg,Kang Yoon Hee
340,Moment at Eighteen,8.1, #746, #306,Ong Seong Wu, Male,https://i.mydramalist.com/R3NpEc.jpg,Choi Jun Woo
341,Moment at Eighteen,8.1, #746, #306,Kim Hyang Gi , Female,https://i.mydramalist.com/EQEd0_5c.jpg,Yu Soo Bin
342,Money Flower,8.2, #649, #751,Jang Hyuk, Male,https://i.mydramalist.com/01XN7c.jpg,Kang Pil Joo / Jang Eun Chun / Jo In Ho
343,Money Flower,8.2, #649, #751,Park Se Young, Female,https://i.mydramalist.com/r3VXZ_5c.jpg,Na Mo Hyun
344,Monstar,7.3, #3670, #229,Yong Jun Hyung, Male,https://i.mydramalist.com/RjZ2xc.jpg,Yoon Sul Chan
345,Monstar,7.3, #3670, #229,Ha Yeon Soo, Female,https://i.mydramalist.com/01nyec.jpg,Min Se Yi
346,Moon Embracing the Sun,8.4, #278, #72,Kim Soo Hyun, Male,https://i.mydramalist.com/WonJO_5c.jpg,Heo Yeon Woo / Wol
347,Moon Embracing the Sun,8.4, #278, #72,Han Ga In, Female,https://i.mydramalist.com/LwVmxc.jpg,Lee Hwon
348,Moon Lovers: Scarlet Heart Ryeo,8.6, #91, #13,Lee Joon Gi, Male,https://i.mydramalist.com/67r8d_5c.jpg,Wang So [4th Prince]
349,Moon Lovers: Scarlet Heart Ryeo,8.6, #91, #13,IU, Female,https://i.mydramalist.com/qRVoD_5c.jpg,Go Ha Jin / Hae Soo
350,More Than Friends,7.5, #3084, #593,Shin Ye Eun, Female,https://i.mydramalist.com/25K5V_5c.jpg,Kyung Woo Yeon
351,More Than Friends,7.5, #3084, #593,Ong Seong Wu, Male,https://i.mydramalist.com/R3NpEc.jpg,Lee Soo
352,Mr. Queen,9.0, #17, #253,Shin Hye Sun, Female,https://i.mydramalist.com/q5VbB_5c.jpg,King Cheoljong
353,Mr. Queen,9.0, #17, #253,Kim Jung Hyun, Male,https://i.mydramalist.com/deADz_5c.jpg,Kim So Yong / Jang Bong Hwan
354,Mr. Sunshine,8.9, #32, #115,Lee Byung Hun, Male,https://i.mydramalist.com/Erx2Qc.jpg,Choi Yoo Jin / Eugene Choi
355,Mr. Sunshine,8.9, #32, #115,Kim Tae Ri, Female,https://i.mydramalist.com/1ALB6_5c.jpg,Go Ae Shin
356,My Absolute Boyfriend,7.3, #3536, #417,Yeo Jin Goo, Male,https://i.mydramalist.com/0vVlec.jpg,Young Goo / Zero Nine
357,My Absolute Boyfriend,7.3, #3536, #417,Bang Min Ah, Female,https://i.mydramalist.com/XboRwc.jpg,Uhm Da Da
358,My Beautiful Bride,7.9, #1262, #884,Kim Mu Yeol, Male,https://i.mydramalist.com/pzODD_5c.jpg,Kim Do Hyeong
359,My Beautiful Bride,7.9, #1262, #884,Lee Shi Young, Female,https://i.mydramalist.com/rggJm_5c.jpg,Cha Yoon Mi
360,My Father is Strange,8.6, #112, #282,Kim Hae Sook, Female,https://i.mydramalist.com/E3gwm_5c.jpg,Na Yeong Shil
361,My Father is Strange,8.6, #112, #282,Kim Yeong Cheol, Male,https://i.mydramalist.com/doZz5c.jpg,Byun Han Soo / Lee Yoon Suk
362,My Fellow Citizens!,7.7, #2237, #842,Lee Yoo Young, Female,https://i.mydramalist.com/x5Wl0_5c.jpg,Kim Mi Young
363,My Fellow Citizens!,7.7, #2237, #842,Choi Shi Won, Male,https://i.mydramalist.com/pjkLDc.jpg,Yang Jung Kook
364,My First First Love,7.9, #141, 15+ - Teens 15 or older,Kim Ji Soo, Male,https://i.mydramalist.com/WzwB5_5c.jpg,Yoon Tae Oh
365,My First First Love,7.9, #141, 15+ - Teens 15 or older,Jung Chae Yeon, Female,https://i.mydramalist.com/e3AQec.jpg,Han Song Yi
366,My First First Love 2,7.9, #297, 15+ - Teens 15 or older,Jung Chae Yeon, Female,https://i.mydramalist.com/e3AQec.jpg,Han Song Yi
367,My First First Love 2,7.9, #297, 15+ - Teens 15 or older,Kim Ji Soo, Male,https://i.mydramalist.com/WzwB5_5c.jpg,Yoon Tae Oh
368,My Girlfriend Is a Gumiho,8.1, #775, #49,Shin Min Ah, Female,https://i.mydramalist.com/Q71NAc.jpg,Gumiho | Gildal
369,My Girlfriend Is a Gumiho,8.1, #775, #49,Lee Seung Gi, Male,https://i.mydramalist.com/B3RRqc.jpg,Cha Dae Wung
370,My Golden Life,7.9, #1349, #919,Shin Hye Sun, Female,https://i.mydramalist.com/q5VbB_5c.jpg,Seo Ji Ahn
371,My Golden Life,7.9, #1349, #919,Park Shi Hoo, Male,https://i.mydramalist.com/2DjjVc.jpg,Choi Do Kyung
372,My Heart Twinkle Twinkle,7.2, #4004, #2768,Bae Soo Bin, Male,https://i.mydramalist.com/X3jAJc.jpg,Lee Soon Jin
373,My Heart Twinkle Twinkle,7.2, #4004, #2768,Jang Shin Young, Female,https://i.mydramalist.com/l0K7Lc.jpg,Cheon Woon Tak
374,My Holo Love,8.2, #554, #189,Yoon Hyun Min, Male,https://i.mydramalist.com/AvyRZc.jpg,Go Nan Do | Holo
375,My Holo Love,8.2, #554, #189,Go Sung Hee, Female,https://i.mydramalist.com/dBm8g_5c.jpg,Han So Yeon
376,My ID Is Gangnam Beauty,8.2, #673, #37,Cha Eun Woo, Male,https://i.mydramalist.com/RRV4Y_5c.jpg,Kang Mi Rae
377,My ID Is Gangnam Beauty,8.2, #673, #37,Im Soo Hyang, Female,https://i.mydramalist.com/2DKAdc.jpg,Do Kyung Suk
378,My Love Eun Dong,7.8, #1791, #613,Joo Jin Mo, Male,https://i.mydramalist.com/0d5nY_5c.jpg,Ji Eun Ho / Park Hyun Soo
379,My Love Eun Dong,7.8, #1791, #613,Kim Sa Rang, Female,https://i.mydramalist.com/2gqx2c.jpg,Seo Jung Eun / Ji Eun Dong
380,My Lovely Girl,6.8, #4490, #283,Rain, Male,https://i.mydramalist.com/rxvggc.jpg,Lee Hyun Wook
381,My Lovely Girl,6.8, #4490, #283,Krystal, Female,https://i.mydramalist.com/eoQQdc.jpg,Yoon Se Na
382,My Only Love Song,7.9, #387, 13+ - Teens 13 or older,Gong Seung Yeon, Female,https://i.mydramalist.com/jYwqJ_5c.jpg,On Dal
383,My Only Love Song,7.9, #387, 13+ - Teens 13 or older,Lee  Jong Hyun, Male,https://i.mydramalist.com/XbX8wc.jpg,Song Soo Jung
384,My Princess,7.5, #3074, #186,Kim Tae Hee, Female,https://i.mydramalist.com/2JoxW_5c.jpg,Lee Seol
385,My Princess,7.5, #3074, #186,Song Seung Heon, Male,https://i.mydramalist.com/vqlqec.jpg,Park Hae Young
386,My Secret Hotel,7.3, #3625, #491,Yoo In Na, Female,https://i.mydramalist.com/kW6rwc.jpg,Nam Sang Hyo
387,My Secret Hotel,7.3, #3625, #491,Kim Ji Han, Male,https://i.mydramalist.com/68n8Kc.jpg,Goo Hae Young
388,My Secret Romance,7.6, #2297, #58,Sung Hoon, Male,https://i.mydramalist.com/xYb03c.jpg,Cha Jin Wook
389,My Secret Romance,7.6, #2297, #58,Song Ji Eun, Female,https://i.mydramalist.com/2DXgOc.jpg,Lee Yoo Mi
390,My Strange Hero,8.1, #745, #212,Yoo Seung Ho, Male,https://i.mydramalist.com/BDveR_5c.jpg,Kang Bok Soo
391,My Strange Hero,8.1, #745, #212,Jo Bo Ah, Female,https://i.mydramalist.com/v32qe_5c.jpg,Son Soo Jung
392,My Unfortunate Boyfriend,7.2, #4002, #784,Noh Min Woo, Male,https://i.mydramalist.com/kWDnkc.jpg,Yoon Tae Woon
393,My Unfortunate Boyfriend,7.2, #4002, #784,Yang  Jin Sung, Female,https://i.mydramalist.com/ejX7Y_5c.jpg,Yoo Ji Na
394,Myung Wol the Spy,7.2, #3966, #603,Han Ye Seul, Female,https://i.mydramalist.com/jZQdJ_5c.jpg,Kang Woo
395,Myung Wol the Spy,7.2, #3966, #603,Eric Mun, Male,https://i.mydramalist.com/5y5Jyc.jpg,Han Myung Wol
396,Naeil's Cantabile,7.5, #2750, #465,Joo Won, Male,https://i.mydramalist.com/wrJg1_5c.jpg,Cha Yoo Jin
397,Naeil's Cantabile,7.5, #2750, #465,Shim Eun Kyung, Female,https://i.mydramalist.com/Qj2pAc.jpg,Seol Nae Il
398,Nail Shop Paris,6.3, #4673, #624,Jeon Ji Hoo, Male,https://i.mydramalist.com/qb47Kc.jpg,"""Bunny"" / Hong Yeo Joo"
399,Nail Shop Paris,6.3, #4673, #624,Park Gyu Ri, Female,https://i.mydramalist.com/NvBRRc.jpg,"""Alex"" / Kim Ji Hun"
400,New Tales of Gisaeng,7.7, #2108, #1699,Im Soo Hyang, Female,https://i.mydramalist.com/2DKAdc.jpg,Ah Da Mo
401,New Tales of Gisaeng,7.7, #2108, #1699,Sung Hoon, Male,https://i.mydramalist.com/xYb03c.jpg,Dan Sa Ran
402,"Noble, My Love",7.6, #2360, #184,Sung Hoon, Male,https://i.mydramalist.com/xYb03c.jpg,Lee Kang Hoon
403,"Noble, My Love",7.6, #2360, #184,Kim Jae Kyung, Female,https://i.mydramalist.com/wVbV1c.jpg,Cha Yoon Seo
404,Oh My Baby,7.8, #1503, #803,Go Joon, Male,https://i.mydramalist.com/EQ2EQ_5c.jpg,Jang Ha Ri
405,Oh My Baby,7.8, #1503, #803,Jang Na Ra, Female,https://i.mydramalist.com/ZrBJkc.jpg,Han Yi Sang
406,Oh My Venus,8.3, #452, #35,So Ji Sub, Male,https://i.mydramalist.com/p0pErc.jpg,Kim Young Ho / John Kim
407,Oh My Venus,8.3, #452, #35,Shin Min Ah, Female,https://i.mydramalist.com/Q71NAc.jpg,Kang Joo Eun
408,Oh! My Lady,7.4, #3289, #363,Choi Shi Won, Male,https://i.mydramalist.com/pjkLDc.jpg,Sung Min Woo
409,Oh! My Lady,7.4, #3289, #363,Chae Rim, Female,https://i.mydramalist.com/l0g4Nc.jpg,Yoon Gae Hwa
410,On The Way To The Airport,7.8, #1709, #1048,Lee Sang Yoon, Male,https://i.mydramalist.com/q8Zn8c.jpg,Choi Soo Ah
411,On The Way To The Airport,7.8, #1709, #1048,Kim Ha Neul, Female,https://i.mydramalist.com/Qy7kW_5c.jpg,Seo Do Woo
412,Once Again,8.5, #221, #1107,Cha Hwa Yun, Female,https://i.mydramalist.com/43l46c.jpg,Jang Ok Boon
413,Once Again,8.5, #221, #1107,Chun Ho Jin, Male,https://i.mydramalist.com/pkNw8c.jpg,Song Young Dal
414,One More Happy Ending,7.9, #1420, #361,Jung Kyung Ho, Male,https://i.mydramalist.com/EyqBz_5c.jpg,"Han Mi Mo [former ""Angels"" member]"
415,One More Happy Ending,7.9, #1420, #361,Jang Na Ra, Female,https://i.mydramalist.com/ZrBJkc.jpg,Song Soo Hyeok
416,One More Time,7.5, #2929, #512,Yoon So Hee, Female,https://i.mydramalist.com/QX5WAc.jpg,Moon Da In
417,One More Time,7.5, #2929, #512,Kim Myung Soo, Male,https://i.mydramalist.com/qw1k8c.jpg,Yoo Tan
418,One Spring Night,8.3, #411, #249,Jung Hae In, Male,https://i.mydramalist.com/r3l2N_5c.jpg,Yoo Ji Ho
419,One Spring Night,8.3, #411, #249,Han Ji Min, Female,https://i.mydramalist.com/jeLxb_5c.jpg,Lee Jung In
420,Orange Marmalade,6.8, #4480, #155,Yeo Jin Goo, Male,https://i.mydramalist.com/0vVlec.jpg,Baek Ma Ri
421,Orange Marmalade,6.8, #4480, #155,Kim Seol Hyun, Female,https://i.mydramalist.com/ql7W2_5c.jpg,Jung Jae Min
422,Padam Padam,7.7, #1921, #682,Jung Woo Sung, Male,https://i.mydramalist.com/2zEmO_5c.jpg,Yang Kang Chil
423,Padam Padam,7.7, #1921, #682,Han Ji Min, Female,https://i.mydramalist.com/jeLxb_5c.jpg,Jung Ji Nah
424,Pasta,7.6, #2435, #427,Lee Sun Kyun, Male,https://i.mydramalist.com/pA3by_5c.jpg,Choi Hyun Wook
425,Pasta,7.6, #2435, #427,Gong Hyo Jin, Female,https://i.mydramalist.com/4k0oZc.jpg,Seo Yoo Kyung
426,Perfume,7.9, #1203, #622,Go Won Hee, Female,https://i.mydramalist.com/2kW7w_5c.jpg,Min Ye Rin / Min Jae Hee
427,Perfume,7.9, #1203, #622,Shin Sung Rok, Male,https://i.mydramalist.com/44Rndc.jpg,Seo Yi Do
428,Personal Taste,7.7, #2064, #38,Lee Min Ho, Male,https://i.mydramalist.com/kEpQwc.jpg,Jeon Jin Ho
429,Personal Taste,7.7, #2064, #38,Son Ye Jin, Female,https://i.mydramalist.com/vgnXX_5c.jpg,Park Gae In
430,Pinocchio,8.4, #265, #9,Lee Jong Suk, Male,https://i.mydramalist.com/XbzDnc.jpg,Choi Dal Po / Ki Ha Myung
431,Pinocchio,8.4, #265, #9,Park Shin Hye, Female,https://i.mydramalist.com/pYK4r_5c.jpg,Choi In Ha
432,Playful Kiss,7.3, #3768, #32,Jung So Min, Female,https://i.mydramalist.com/dY80Kc.jpg,Oh Ha Ni
433,Playful Kiss,7.3, #3768, #32,Kim Hyun Joong, Male,https://i.mydramalist.com/XKplxc.jpg,Baek Seung Jo
434,"Please Come Back, Mister",8.0, #1065, #233,Oh Yeon Seo, Female,https://i.mydramalist.com/XgBRgc.jpg,"Han Hong Nan / ""Han Gi Tak"""
435,"Please Come Back, Mister",8.0, #1065, #233,Rain, Male,https://i.mydramalist.com/rxvggc.jpg,"Lee Hae Joon / ""Kim Yeong Soo"""
436,Please Don't Date Him,7.7, #1907, #1166,Lee Jun Young, Male,https://i.mydramalist.com/weLLJ_5c.jpg,Seo Ji Sung
437,Please Don't Date Him,7.7, #1907, #1166,Song  Ha Yoon, Female,https://i.mydramalist.com/pv0N8c.jpg,Jung Kook Hee
438,Possessed,7.3, #3526, #1103,Song Sae Byuk, Male,https://i.mydramalist.com/QXBL5c.jpg,Kang Pil Sung
439,Possessed,7.3, #3526, #1103,Go Joon Hee, Female,https://i.mydramalist.com/jVKw8c.jpg,Hong Seo Jung
440,Pride and Prejudice,7.6, #2604, #601,Choi Jin Hyuk, Male,https://i.mydramalist.com/xYDEzc.jpg,Goo Dong Chi
441,Pride and Prejudice,7.6, #2604, #601,Baek Jin Hee, Female,https://i.mydramalist.com/vqJRec.jpg,Han Yeol Moo
442,Prime Minister and I,7.3, #3595, #368,Im Yoon Ah, Female,https://i.mydramalist.com/WW0Jp_5c.jpg,Kwon Yul
443,Prime Minister and I,7.3, #3595, #368,Lee Bum Soo, Male,https://i.mydramalist.com/AJrB8c.jpg,Nam Da Jung
444,Private Lives,7.5, #2985, #611,Go Kyung Pyo, Male,https://i.mydramalist.com/qA2vBc.jpg,Cha Joo Eun
445,Private Lives,7.5, #2985, #611,Seo Hyun, Female,https://i.mydramalist.com/q8Wb2c.jpg,Lee Jung Hwan
446,Prosecutor Princess,7.6, #2319, #315,Park Shi Hoo, Male,https://i.mydramalist.com/2DjjVc.jpg,Ma Hye Ri
447,Prosecutor Princess,7.6, #2319, #315,Kim So Yeon, Female,https://i.mydramalist.com/jxYeJ_5c.jpg,Seo In Woo
448,Protect the Boss,7.7, #2261, #144,Choi Kang Hee, Female,https://i.mydramalist.com/dBjrW_5c.jpg,Cha Ji Heon
449,Protect the Boss,7.7, #2261, #144,Ji Sung, Male,https://i.mydramalist.com/XrQXXc.jpg,No Eun Seol
450,Queen In Hyun's Man,8.5, #220, #79,Ji Hyun Woo, Male,https://i.mydramalist.com/vnPQZc.jpg,Kim Bung Do
451,Queen In Hyun's Man,8.5, #220, #79,Yoo In Na, Female,https://i.mydramalist.com/kW6rwc.jpg,Choi Hee Jin
452,Queen for Seven Days,8.3, #467, #425,Yeon Woo Jin, Male,https://i.mydramalist.com/1kOqy_5c.jpg,Shin Chae Kyung / Queen Dangyeong
453,Queen for Seven Days,8.3, #467, #425,Park Min Young, Female,https://i.mydramalist.com/qlep0_5c.jpg,Yi Yeok / Nak Chun / Prince Jinseongdaegun / King Jungjong
454,Queen of Ambition,7.7, #2235, #1321,Kwon Sang Woo, Male,https://i.mydramalist.com/eogkWc.jpg,Joo Da Hae
455,Queen of Ambition,7.7, #2235, #1321,Park Soo Ae, Female,https://i.mydramalist.com/vg4ye_5c.jpg,Ha Ryu / Cha Jae Woong
456,Queen of the Ring,8.0, #1093, #286,Ahn Hyo Seop, Male,https://i.mydramalist.com/qw772c.jpg,Mo Nan Hee
457,Queen of the Ring,8.0, #1093, #286,Kim Seul Gi, Female,https://i.mydramalist.com/pO6vBc.jpg,Park Se Gun
458,Queen: Love And War,7.8, #1583, #1386,Jin Se Yeon, Female,https://i.mydramalist.com/vzjEW_5c.jpg,Lee Gyung
459,Queen: Love And War,7.8, #1583, #1386,Kim Min Kyu, Male,https://i.mydramalist.com/jWp8Bc.jpg,Gang Eun Bo | Gang Eun Gi
460,Radiant Office,7.6, #2524, #717,Go Ah Sung, Female,https://i.mydramalist.com/xW5v0_5c.jpg,Seo Woo Jin
461,Radiant Office,7.6, #2524, #717,Ha Seok Jin, Male,https://i.mydramalist.com/1Aoeb_5c.jpg,Eun Ho Won
462,Radio Romance,7.6, #2504, #175,Kim So Hyun, Female,https://i.mydramalist.com/vdVeqc.jpg,Ji Soo Ho
463,Radio Romance,7.6, #2504, #175,Yoon Doo Joon, Male,https://i.mydramalist.com/RybJY_5c.jpg,Song Geu Rim
464,Rebel: Thief Who Stole the People,8.6, #145, #481,Yoon Kyun Sang, Male,https://i.mydramalist.com/j30Wz_5c.jpg,Hong Gil Dong
465,Rebel: Thief Who Stole the People,8.6, #145, #481,Chae Soo Bin, Female,https://i.mydramalist.com/ZoeeOc.jpg,Song Ga Ryung
466,Record of Youth,7.6, #2651, #200,Park Bo Gum, Male,https://i.mydramalist.com/p3Qx8_5c.jpg,Sa Hye Joon
467,Record of Youth,7.6, #2651, #200,Park So Dam, Female,https://i.mydramalist.com/1qm06c.jpg,Ahn Jung Ha
468,Reply 1988,9.0, #18, #51,Go Kyung Pyo, Male,https://i.mydramalist.com/qA2vBc.jpg,Sung Deok Sun / Sung Soo Yeon
469,Reply 1988,9.0, #18, #51,Lee Hye Ri, Female,https://i.mydramalist.com/XNrBd_5c.jpg,Sung Sun Woo
470,Reply 1994,8.1, #825, #136,Jung Woo, Male,https://i.mydramalist.com/rg2Lm_5c.jpg,Sung Na Jung
471,Reply 1994,8.1, #825, #136,Go Ah Ra, Female,https://i.mydramalist.com/ejKbK_5c.jpg,Sseu Re Ki / Trash
472,Reply 1997,8.6, #130, #36,Jung Eun Ji, Female,https://i.mydramalist.com/vAXmW_5c.jpg,Yoon Yoon Jae
473,Reply 1997,8.6, #130, #36,Seo In Guk, Male,https://i.mydramalist.com/QXz3Ac.jpg,Sung Shi Won
474,Revolutionary Love,7.5, #3057, #367,Kang So Ra, Female,https://i.mydramalist.com/w2dQYc.jpg,Baek Jun
475,Revolutionary Love,7.5, #3057, #367,Choi Shi Won, Male,https://i.mydramalist.com/pjkLDc.jpg,Byeon Hyeok
476,Rich Man,7.4, #3447, #358,Ha Yeon Soo, Female,https://i.mydramalist.com/01nyec.jpg,Kim Bo Ra 
477,Rich Man,7.4, #3447, #358,Suho, Male,https://i.mydramalist.com/Xrjmgc.jpg,Lee Yoo Chan
478,Romance is a Bonus Book,8.3, #459, #56,Lee Jong Suk, Male,https://i.mydramalist.com/XbzDnc.jpg,Kang Dan Yi
479,Romance is a Bonus Book,8.3, #459, #56,Lee Na Young, Female,https://i.mydramalist.com/kEpVdc.jpg,Cha Eun Ho
480,Rooftop Prince,8.2, #548, #61,Park Yoo Chun, Male,https://i.mydramalist.com/QXb5vc.jpg,Lee Kak / Yong Tae Yong
481,Rooftop Prince,8.2, #548, #61,Han Ji Min, Female,https://i.mydramalist.com/jeLxb_5c.jpg,Park Ha / Boo Yong
482,Rookie Historian Goo Hae Ryung,8.2, #544, #241,Cha Eun Woo, Male,https://i.mydramalist.com/RRV4Y_5c.jpg,Goo Hae Ryung / Hui Yeon
483,Rookie Historian Goo Hae Ryung,8.2, #544, #241,Shin Se Kyung, Female,https://i.mydramalist.com/ZQkkj_5c.jpg,Prince Yi Rim / Maehwa / Prince Dowon
484,Run On,8.5, #181, #217,Shin Se Kyung, Female,https://i.mydramalist.com/ZQkkj_5c.jpg,Oh Mi Joo
485,Run On,8.5, #181, #217,Im Shi Wan, Male,https://i.mydramalist.com/qlJ28_5c.jpg,Ki Seon Gyeom
486,Sassy Go Go,8.2, #629, #75,Jung Eun Ji, Female,https://i.mydramalist.com/vAXmW_5c.jpg,Kim Yeol
487,Sassy Go Go,8.2, #629, #75,Lee Won Keun, Male,https://i.mydramalist.com/WoXxW_5c.jpg,Kang Yeon Doo
488,Scent of a Woman,8.0, #1014, #299,Kim Sun Ah, Female,https://i.mydramalist.com/2N31Vc.jpg,Kang Ji Wook
489,Scent of a Woman,8.0, #1014, #299,Lee Dong Wook, Male,https://i.mydramalist.com/Zvejqc.jpg,Lee Yeon Jae
490,School 2017,8.2, #639, #108,Kim Se Jeong, Female,https://i.mydramalist.com/w7lXY_5c.jpg,Hyun Tae Woon
491,School 2017,8.2, #639, #108,Kim Jung Hyun, Male,https://i.mydramalist.com/deADz_5c.jpg,Ra Eun Ho
492,Secret,8.4, #298, #159,Hwang Jung Eum, Female,https://i.mydramalist.com/232Lwc.jpg,Kang Yoo Jeong
493,Secret,8.4, #298, #159,Ji Sung, Male,https://i.mydramalist.com/XrQXXc.jpg,Jo Min Hyeok
494,Secret Garden,8.3, #428, #14,Hyun Bin, Male,https://i.mydramalist.com/qAkLdc.jpg,Kim Joo Won
495,Secret Garden,8.3, #428, #14,Ha Ji Won, Female,https://i.mydramalist.com/E2eb5c.jpg,Gil Ra Im
496,Secret Love Affair,7.7, #1925, #532,Yoo Ah In, Male,https://i.mydramalist.com/pO1V8c.jpg,Lee Sun Jae
497,Secret Love Affair,7.7, #1925, #532,Kim Hee Ae, Female,https://i.mydramalist.com/pjevQc.jpg,Oh Hye Won
498,She Was Pretty,8.1, #742, #22,Hwang Jung Eum, Female,https://i.mydramalist.com/232Lwc.jpg,Ji Sung Jun
499,She Was Pretty,8.1, #742, #22,Park Seo Joon, Male,https://i.mydramalist.com/j8meyc.jpg,Kim Hye Jin
500,Shopping King Louie,8.2, #571, #88,Seo In Guk, Male,https://i.mydramalist.com/QXz3Ac.jpg,Kang Ji Sung / Louis
501,Shopping King Louie,8.2, #571, #88,Nam Ji Hyun, Female,https://i.mydramalist.com/wlJ8Yc.jpg,Go Bok Shil
502,Shut Up: Flower Boy Band,8.1, #791, #98,Jo Bo Ah, Female,https://i.mydramalist.com/v32qe_5c.jpg,Im Soo Ah
503,Shut Up: Flower Boy Band,8.1, #791, #98,Sung Joon, Male,https://i.mydramalist.com/Yy0xQc.jpg,Kwon Ji Hyuk
504,Somehow 18,8.2, #623, #591,Lee Yoo Bi, Female,https://i.mydramalist.com/BbNl1c.jpg,Han Na Bi
505,Somehow 18,8.2, #623, #591,Choi Min Ho, Male,https://i.mydramalist.com/XbLZnc.jpg,Oh Kyung Hwi
506,Something About 1 Percent,8.2, #531, #149,Jeon So Min, Female,https://i.mydramalist.com/1Lg6dc.jpg,Kim Da Hyeon
507,Something About 1 Percent,8.2, #531, #149,Ha Seok Jin, Male,https://i.mydramalist.com/1Aoeb_5c.jpg,Lee Jae In
508,Something in the Rain,7.9, #1245, #111,Jung Hae In, Male,https://i.mydramalist.com/r3l2N_5c.jpg,Yoon Jin Ah
509,Something in the Rain,7.9, #1245, #111,Son Ye Jin, Female,https://i.mydramalist.com/vgnXX_5c.jpg,Seo Joon Hee
510,Soul Mechanic,7.8, #1670, #1113,Jung So Min, Female,https://i.mydramalist.com/dY80Kc.jpg,Han Woo Joo
511,Soul Mechanic,7.8, #1670, #1113,Shin Ha Kyun, Male,https://i.mydramalist.com/EN4dp_5c.jpg,Lee Shi Joon
512,Star of the Universe,8.0, #1080, #504,Suho, Male,https://i.mydramalist.com/Xrjmgc.jpg,"Woo Joo ""Universe"""
513,Star of the Universe,8.0, #1080, #504,Ji Woo, Female,https://i.mydramalist.com/10Nj3c.jpg,"Kim Ha Na / Byul ""Star"""
514,Stars Falling From the Sky,7.7, #2008, #763,Kim Ji Hoon, Male,https://i.mydramalist.com/rXKp7_5c.jpg,Jin Pal Kang
515,Stars Falling From the Sky,7.7, #2008, #763,Choi Jung Won, Female,https://i.mydramalist.com/Zvbz1c.jpg,Won Kang Ha
516,Start-Up,8.1, #798, #116,Bae Suzy, Female,https://i.mydramalist.com/pOqyQc.jpg,Nam Do San
517,Start-Up,8.1, #798, #116,Nam Joo Hyuk, Male,https://i.mydramalist.com/250rk_5c.jpg,Seo Dal Mi
518,Strong Woman Do Bong Soon,8.7, #84, #2,Park Bo Young, Female,https://i.mydramalist.com/vywkBc.jpg,Ahn Min Hyuk
519,Strong Woman Do Bong Soon,8.7, #84, #2,Park Hyung Shik, Male,https://i.mydramalist.com/rxK1mc.jpg,Do Bong Soon
520,Strongest Deliveryman,7.9, #1278, #352,Go Kyung Pyo, Male,https://i.mydramalist.com/qA2vBc.jpg,Choi Kang Soo
521,Strongest Deliveryman,7.9, #1278, #352,Chae Soo Bin, Female,https://i.mydramalist.com/ZoeeOc.jpg,Lee Dan Ah
522,Sungkyunkwan Scandal,8.2, #591, #99,Park Min Young, Female,https://i.mydramalist.com/qlep0_5c.jpg,Kim Yoon Hee / Kim Yoon Shik
523,Sungkyunkwan Scandal,8.2, #591, #99,Park Yoo Chun, Male,https://i.mydramalist.com/QXb5vc.jpg,Lee Sun Joon
524,Surplus Princess,7.3, #3678, #254,Ohn Joo Wan, Male,https://i.mydramalist.com/Pn3b8c.jpg,Kim Ha Ni / Ai Reen
525,Surplus Princess,7.3, #3678, #254,Jo Bo Ah, Female,https://i.mydramalist.com/v32qe_5c.jpg,Lee Hyun Myung
526,Suspicious Partner,8.3, #435, #29,Ji Chang Wook, Male,https://i.mydramalist.com/jAOovc.jpg,Noh Ji Wook
527,Suspicious Partner,8.3, #435, #29,Nam Ji Hyun, Female,https://i.mydramalist.com/wlJ8Yc.jpg,Eun Bong Hee
528,Sweet Munchies,7.0, #4287, #1592,Jung Il Woo, Male,https://i.mydramalist.com/Bx8oAc.jpg,Park Jin Sung
529,Sweet Munchies,7.0, #4287, #1592,Kang Ji Young, Female,https://i.mydramalist.com/RR23R_5c.jpg,Kim Ah Jin
530,Sweet Revenge,8.0, #1067, #505,Park Solomon, Male,https://i.mydramalist.com/0jr56_5c.jpg,Ho Goo Hee 
531,Sweet Revenge,8.0, #1067, #505,Kim Hyang Gi , Female,https://i.mydramalist.com/EQEd0_5c.jpg,Shin Ji Hoon 
532,Tale of the Nine-Tailed,8.3, #455, #130,Lee Dong Wook, Male,https://i.mydramalist.com/Zvejqc.jpg,Lee Yeon | [Mountain Spirit of Baekdudaegan]
533,Tale of the Nine-Tailed,8.3, #455, #130,Jo Bo Ah, Female,https://i.mydramalist.com/v32qe_5c.jpg,Nam Ji Ah | Ah Eum 
534,Temperature of Love,7.5, #2793, #304,Yang Se Jong, Male,https://i.mydramalist.com/1Z835_5c.jpg,Lee Hyun Soo
535,Temperature of Love,7.5, #2793, #304,Seo Hyun Jin, Female,https://i.mydramalist.com/RkJVxc.jpg,On Jung Sun
536,Temptation,7.1, #4151, #1891,Choi Ji Woo, Female,https://i.mydramalist.com/eVLyQc.jpg,Cha Seok Hoon
537,Temptation,7.1, #4151, #1891,Kwon Sang Woo, Male,https://i.mydramalist.com/eogkWc.jpg,Yoo Se Young
538,Terius Behind Me,8.3, #385, #262,Jung In Sun, Female,https://i.mydramalist.com/kq1w8_5c.jpg,Go Ae Rin / Alice
539,Terius Behind Me,8.3, #385, #262,So Ji Sub, Male,https://i.mydramalist.com/p0pErc.jpg,Kim Bon / Terius [NIS black agent] / Wang Jung Nam
540,"That Winter, The Wind Blows",8.0, #1021, #151,Jo In Sung, Male,https://i.mydramalist.com/w8eqAc.jpg,Oh Soo
541,"That Winter, The Wind Blows",8.0, #1021, #151,Song Hye Kyo, Female,https://i.mydramalist.com/Qrn7v_5c.jpg,Oh Young
542,The Beauty Inside,8.4, #325, #91,Seo Hyun Jin, Female,https://i.mydramalist.com/RkJVxc.jpg,Seo Do Jae
543,The Beauty Inside,8.4, #325, #91,Lee Min Ki, Male,https://i.mydramalist.com/wE3Qp_5c.jpg,Han Se Gye
544,The Bridal Mask,8.6, #97, #187,Joo Won, Male,https://i.mydramalist.com/wrJg1_5c.jpg,Lee Kang To / Sato Hiroshi / Lee Young
545,The Bridal Mask,8.6, #97, #187,Jin Se Yeon, Female,https://i.mydramalist.com/vzjEW_5c.jpg,Oh Mok Dan / Boon Yi / Esther
546,The Bride of Habaek,7.3, #3517, #60,Nam Joo Hyuk, Male,https://i.mydramalist.com/250rk_5c.jpg,Yoon So Ah
547,The Bride of Habaek,7.3, #3517, #60,Shin Se Kyung, Female,https://i.mydramalist.com/ZQkkj_5c.jpg,Ha Baek
548,The Crowned Clown,8.4, #323, #449,Yeo Jin Goo, Male,https://i.mydramalist.com/0vVlec.jpg,Clown Ha Sun | King Lee Hun
549,The Crowned Clown,8.4, #323, #449,Lee Se Young, Female,https://i.mydramalist.com/jgO1B_5c.jpg,Queen Yoo So Woon
550,The Emperor: Owner of the Mask,8.0, #1140, #338,Yoo Seung Ho, Male,https://i.mydramalist.com/BDveR_5c.jpg,Crown Prince Lee Sun
551,The Emperor: Owner of the Mask,8.0, #1140, #338,Kim So Hyun, Female,https://i.mydramalist.com/vdVeqc.jpg,Han Ga Eun
552,The Ghost Detective,7.8, #1832, #836,Choi Daniel, Male,https://i.mydramalist.com/xg8WXc.jpg,Lee Da Il
553,The Ghost Detective,7.8, #1832, #836,Park Eun Bin, Female,https://i.mydramalist.com/WAPAXc.jpg,Jung Yeo Wool
554,The Girl Who Sees Scents,7.9, #1237, #121,Shin Se Kyung, Female,https://i.mydramalist.com/ZQkkj_5c.jpg,Oh Cho Rim / Choi Eun Sul
555,The Girl Who Sees Scents,7.9, #1237, #121,Park Yoo Chun, Male,https://i.mydramalist.com/QXb5vc.jpg,Choi Moo Gak
556,The Great Seducer,7.7, #2227, #105,Woo Do Hwan, Male,https://i.mydramalist.com/BgjVl_5c.jpg,Kwon Shi Hyun
557,The Great Seducer,7.7, #2227, #105,Joy, Female,https://i.mydramalist.com/xXbxzc.jpg,Eun Tae Hee
558,The Greatest Love,8.1, #816, #183,Gong Hyo Jin, Female,https://i.mydramalist.com/4k0oZc.jpg,Gu Ae Jung
559,The Greatest Love,8.1, #816, #183,Cha Seung Won, Male,https://i.mydramalist.com/kWkwdc.jpg,Dok Go Jin
560,The Heirs,7.5, #2787, #8,Park Shin Hye, Female,https://i.mydramalist.com/pYK4r_5c.jpg,Cha Eun Sang
561,The Heirs,7.5, #2787, #8,Lee Min Ho, Male,https://i.mydramalist.com/kEpQwc.jpg,Kim Tan
562,The Hymn of Death,8.3, #443, #308,Shin Hye Sun, Female,https://i.mydramalist.com/q5VbB_5c.jpg,Yun Shim Deok
563,The Hymn of Death,8.3, #443, #308,Lee Jong Suk, Male,https://i.mydramalist.com/XbzDnc.jpg,Kim Woo Jin
564,The Incarnation of Money,7.9, #1451, #1374,Kang Ji Hwan, Male,https://i.mydramalist.com/j2rRbc.jpg,Lee Cha Don / Lee Kang Seok
565,The Incarnation of Money,7.9, #1451, #1374,Hwang Jung Eum, Female,https://i.mydramalist.com/232Lwc.jpg,Bok Jae In
566,The Innocent Man,8.1, #731, #86,Song Joong Ki, Male,https://i.mydramalist.com/1kymd_5c.jpg,Seo Eun Ki
567,The Innocent Man,8.1, #731, #86,Moon Chae Won, Female,https://i.mydramalist.com/pRJqe_5c.jpg,Kang Ma Roo
568,The K2,8.1, #704, #41,Ji Chang Wook, Male,https://i.mydramalist.com/jAOovc.jpg,"Kim Je Ha / ""K2"""
569,The K2,8.1, #704, #41,Im Yoon Ah, Female,https://i.mydramalist.com/WW0Jp_5c.jpg,Go An Na
570,The King in Love,7.9, #1474, #625,Im Yoon Ah, Female,https://i.mydramalist.com/WW0Jp_5c.jpg,Eun San
571,The King in Love,7.9, #1474, #625,Im Shi Wan, Male,https://i.mydramalist.com/qlJ28_5c.jpg,Wang Won
572,The King of Dramas,7.8, #1793, #612,Jung Ryeo Won, Female,https://i.mydramalist.com/xkjmwc.jpg,Writer Lee Go Eun
573,The King of Dramas,7.8, #1793, #612,Kim Myung Min, Male,https://i.mydramalist.com/Wz3ml_5c.jpg,Anthony Kim
574,The King: Eternal Monarch,8.0, #935, #63,Lee Min Ho, Male,https://i.mydramalist.com/kEpQwc.jpg,Yi Gon
575,The King: Eternal Monarch,8.0, #935, #63,Kim Go Eun, Female,https://i.mydramalist.com/rg14N_5c.jpg,Jeong Tae Eul | Luna
576,The Last Empress,8.0, #1113, #384,Jang Na Ra, Female,https://i.mydramalist.com/ZrBJkc.jpg,Lee Hyuk
577,The Last Empress,8.0, #1113, #384,Shin Sung Rok, Male,https://i.mydramalist.com/44Rndc.jpg,Oh Sunny
578,The Legend of the Blue Sea,8.4, #340, #17,Lee Min Ho, Male,https://i.mydramalist.com/kEpQwc.jpg,Heo Joon Jae / Kim Dam Ryung [Past]
579,The Legend of the Blue Sea,8.4, #340, #17,Jun Ji Hyun, Female,https://i.mydramalist.com/qwydDc.jpg,Shim Chung / Seo Hwa [Past]
580,The Liar and His Lover,7.5, #2786, #166,Lee Hyun Woo, Male,https://i.mydramalist.com/qbrYdc.jpg,Kang Han Kyeol
581,The Liar and His Lover,7.5, #2786, #166,Joy, Female,https://i.mydramalist.com/xXbxzc.jpg,Yoon So Rim
582,The Lover,7.9, #1208, #271,Oh Jung Se, Male,https://i.mydramalist.com/j4o08c.jpg,Oh Do Shi {Room 609}
583,The Lover,7.9, #1208, #271,Ryu Hyun Kyung, Female,https://i.mydramalist.com/QNpe6c.jpg,Ryu Du Ri {Room 609}
584,The Master's Sun,8.6, #120, #27,So Ji Sub, Male,https://i.mydramalist.com/p0pErc.jpg,"Tae Gong Shil ""Tae Yang"""
585,The Master's Sun,8.6, #120, #27,Gong Hyo Jin, Female,https://i.mydramalist.com/4k0oZc.jpg,"Joo Joong Won / ""Joo Goon"""
586,The Package,8.1, #828, #528,Lee Yun Hee, Female,https://i.mydramalist.com/BwXQ5c.jpg,Yoon So So
587,The Package,8.1, #828, #528,Jung Yong Hwa, Male,https://i.mydramalist.com/QY4qQ_5c.jpg,San Ma Roo
588,The Princess's Man,8.5, #215, #294,Moon Chae Won, Female,https://i.mydramalist.com/pRJqe_5c.jpg,Lee Se Ryung
589,The Princess's Man,8.5, #215, #294,Park Shi Hoo, Male,https://i.mydramalist.com/2DjjVc.jpg,Kim Seung Yoo
590,The Producers,7.6, #2569, #157,Cha Tae Hyun, Male,https://i.mydramalist.com/pjYYec.jpg,PD Ra Jun Mo
591,The Producers,7.6, #2569, #157,Gong Hyo Jin, Female,https://i.mydramalist.com/4k0oZc.jpg,PD Tak Ye Jin
592,The Scholar Who Walks the Night,7.8, #1579, #180,Lee Yoo Bi, Female,https://i.mydramalist.com/BbNl1c.jpg,Jo Yang Seon / Seo Jin
593,The Scholar Who Walks the Night,7.8, #1579, #180,Lee Joon Gi, Male,https://i.mydramalist.com/67r8d_5c.jpg,Kim Sung Yeol
594,The Secret Life of My Secretary,8.1, #843, #171,Kim Young Kwang, Male,https://i.mydramalist.com/QNxJQc.jpg,Do Min Ik
595,The Secret Life of My Secretary,8.1, #843, #171,Jin Ki Joo, Female,https://i.mydramalist.com/r7XQ7_5c.jpg,Jung Gal Hee | Veronica Park
596,The Smile Has Left Your Eyes,8.3, #392, #137,Seo In Guk, Male,https://i.mydramalist.com/QXz3Ac.jpg,Kim Moo Young / Kang Seon Ho
597,The Smile Has Left Your Eyes,8.3, #392, #137,Jung So Min, Female,https://i.mydramalist.com/dY80Kc.jpg,Yoo Jin Kang / Han Jeong Yoon
598,The Tale of Nokdu,8.4, #287, #145,Jang Dong Yoon, Male,https://i.mydramalist.com/B1vVVc.jpg,"Jeon Nok Du / ""Lady Kim"" / Yeon Soo/Kim Nok Soon"
599,The Tale of Nokdu,8.4, #287, #145,Kim So Hyun, Female,https://i.mydramalist.com/vdVeqc.jpg,Dong Dong Joo
600,The Third Charm,6.8, #4506, #541,Esom, Female,https://i.mydramalist.com/18ED5_5c.jpg,Lee Yeong Jae
601,The Third Charm,6.8, #4506, #541,Seo Kang Joon, Male,https://i.mydramalist.com/rbPe2c.jpg,On Joon Yeong
602,The Time We Were Not in Love,7.4, #3185, #362,Ha Ji Won, Female,https://i.mydramalist.com/E2eb5c.jpg,Steward Choi Won
603,The Time We Were Not in Love,7.4, #3185, #362,Lee Jin Wook, Male,https://i.mydramalist.com/qbx58c.jpg,Oh Ha Na
604,The Undateables,7.6, #2645, #569,Hwang Jung Eum, Female,https://i.mydramalist.com/232Lwc.jpg,Yoo Jung Eum
605,The Undateables,7.6, #2645, #569,Namgoong Min, Male,https://i.mydramalist.com/kEQyOc.jpg,Kang Hoon Nam
606,The World of the Married,8.6, #139, #243,Park Hae Joon, Male,https://i.mydramalist.com/RRQJR_5c.jpg,Ji Sun Woo
607,The World of the Married,8.6, #139, #243,Kim Hee Ae, Female,https://i.mydramalist.com/pjevQc.jpg,Lee Tae Oh
608,Thirty But Seventeen,8.5, #201, #90,Yang Se Jong, Male,https://i.mydramalist.com/1Z835_5c.jpg,Woo Seo Ri
609,Thirty But Seventeen,8.5, #201, #90,Shin Hye Sun, Female,https://i.mydramalist.com/q5VbB_5c.jpg,Gong Woo Jin
610,Time Slip Dr. Jin,6.8, #4448, #727,Park Min Young, Female,https://i.mydramalist.com/qlep0_5c.jpg,Yoo Mi Na [in 2012] / Hong Young Rae [at Joseon Dynasty Period]
611,Time Slip Dr. Jin,6.8, #4448, #727,Lee Bum Soo, Male,https://i.mydramalist.com/AJrB8c.jpg,Lee Ha Eung
612,To The Beautiful You,7.5, #2811, #46,Choi Min Ho, Male,https://i.mydramalist.com/XbLZnc.jpg,Goo Jae Hee
613,To The Beautiful You,7.5, #2811, #46,Sulli, Female,https://i.mydramalist.com/KDXz0c.jpg,Kang Tae Joon
614,Tomorrow With You,8.0, #1075, #163,Lee Je Hoon, Male,https://i.mydramalist.com/vRBo8c.jpg,Yoo So Joon
615,Tomorrow With You,8.0, #1075, #163,Shin Min Ah, Female,https://i.mydramalist.com/Q71NAc.jpg,"Song Ma Rin / ""Bap Soon"""
616,Touch Your Heart,8.3, #433, #66,Lee Dong Wook, Male,https://i.mydramalist.com/Zvejqc.jpg,Kwon Jung Rok
617,Touch Your Heart,8.3, #433, #66,Yoo In Na, Female,https://i.mydramalist.com/kW6rwc.jpg,Oh Yoon Seo / Oh Jin Shim
618,Trot Lovers,7.4, #3486, #490,Jung Eun Ji, Female,https://i.mydramalist.com/vAXmW_5c.jpg,Jang Joon Hyun
619,Trot Lovers,7.4, #3486, #490,Ji Hyun Woo, Male,https://i.mydramalist.com/vnPQZc.jpg,Choi Chun Hee
620,True Beauty,8.4, #260, #92,Cha Eun Woo, Male,https://i.mydramalist.com/RRV4Y_5c.jpg,Lim Joo Gyung / Joo Bal
621,True Beauty,8.4, #260, #92,Moon Ga Young, Female,https://i.mydramalist.com/BynQl_5c.jpg,Lee Su Ho
622,Twenty Again,8.1, #853, #342,Choi Ji Woo, Female,https://i.mydramalist.com/eVLyQc.jpg,Cha Hyeon Seok
623,Twenty Again,8.1, #853, #342,Lee Sang Yoon, Male,https://i.mydramalist.com/q8Zn8c.jpg,Ha No Ra
624,Twenty Years Old,7.7, #1886, #554,Lee Da In, Female,https://i.mydramalist.com/Zvbr8c.jpg,Kim Hye Rim
625,Twenty Years Old,7.7, #1886, #554,Lee Gi Kwang, Male,https://i.mydramalist.com/E3PxW_5c.jpg,Lee Ki Kwang
626,Twenty-Twenty,8.0, #981, #1127,Han Sung Min, Female,https://i.mydramalist.com/EpoV7c.jpg,Lee Hyun Jin
627,Twenty-Twenty,8.0, #981, #1127,Kim Woo Seok, Male,https://i.mydramalist.com/p8vyrc.jpg,Chae Da Hee
628,Ugly Alert,8.3, #436, #976,Im Joo Hwan, Male,https://i.mydramalist.com/EDZk7c.jpg,Gong Jun Soo
629,Ugly Alert,8.3, #436, #976,Kang So Ra, Female,https://i.mydramalist.com/w2dQYc.jpg,Na Do Hee
630,Uncontrollably Fond,8.0, #1049, #59,Kim Woo Bin, Male,https://i.mydramalist.com/RbYgo_5c.jpg,Shin Joon Yeong
631,Uncontrollably Fond,8.0, #1049, #59,Bae Suzy, Female,https://i.mydramalist.com/pOqyQc.jpg,No Eul
632,Valid Love,7.3, #3771, #1385,Uhm Tae Woong, Male,https://i.mydramalist.com/nBvp2c.jpg,Jang Hee Tae
633,Valid Love,7.3, #3771, #1385,Lee Shi Young, Female,https://i.mydramalist.com/rggJm_5c.jpg,Kim Il Ri
634,W,8.5, #196, #5,Han Hyo Joo, Female,https://i.mydramalist.com/BoB0z_5c.jpg,Kang Chul
635,W,8.5, #196, #5,Lee Jong Suk, Male,https://i.mydramalist.com/XbzDnc.jpg,Oh Yeon Joo
636,Warm and Cozy,7.5, #2965, #369,Yoo Yeon Seok, Male,https://i.mydramalist.com/p31Py_5c.jpg,Lee Jung Joo
637,Warm and Cozy,7.5, #2965, #369,Kang So Ra, Female,https://i.mydramalist.com/w2dQYc.jpg,Baek Geon Woo
638,Was It Love?,7.4, #3452, #559,Song Ji Hyo, Female,https://i.mydramalist.com/xYozyc.jpg,Oh Dae Oh
639,Was It Love?,7.4, #3452, #559,Son Ho Jun, Male,https://i.mydramalist.com/BNjpR_5c.jpg,Noh Ae Jung
640,Wednesday 3:30 PM,7.9, #1221, #529,Hong Bin, Male,https://i.mydramalist.com/00ndYc.jpg,Yun Jae Won
641,Wednesday 3:30 PM,7.9, #1221, #529,Jin Ki Joo, Female,https://i.mydramalist.com/r7XQ7_5c.jpg,Seon Eun Woo
642,Weightlifting Fairy Kim Bok Joo,8.8, #39, #7,Lee Sung Kyung, Female,https://i.mydramalist.com/R4RX6_5c.jpg,Jung Joon Hyung
643,Weightlifting Fairy Kim Bok Joo,8.8, #39, #7,Nam Joo Hyuk, Male,https://i.mydramalist.com/250rk_5c.jpg,Kim Bok Joo
644,What Happens to My Family?,8.2, #528, #641,Yoo Dong Geun, Male,https://i.mydramalist.com/rqVRNc.jpg,Cha Soon Bong
645,What Happens to My Family?,8.2, #528, #641,Kim Hyun Joo, Female,https://i.mydramalist.com/qEqvz_5c.jpg,Cha Kang Shim
646,What's Wrong with Secretary Kim,8.5, #189, #11,Park Min Young, Female,https://i.mydramalist.com/qlep0_5c.jpg,Lee Young Joon
647,What's Wrong with Secretary Kim,8.5, #189, #11,Park Seo Joon, Male,https://i.mydramalist.com/j8meyc.jpg,Kim Mi So
648,When A Man's in Love,6.8, #4473, #700,Shin Se Kyung, Female,https://i.mydramalist.com/ZQkkj_5c.jpg,Seo Mi Do
649,When A Man's in Love,6.8, #4473, #700,Song Seung Heon, Male,https://i.mydramalist.com/vqlqec.jpg,Han Tae Sang
650,When I Was the Most Beautiful,7.0, #4266, #1165,Im Soo Hyang, Female,https://i.mydramalist.com/2DKAdc.jpg,Seo Hwan
651,When I Was the Most Beautiful,7.0, #4266, #1165,Kim Ji Soo, Male,https://i.mydramalist.com/WzwB5_5c.jpg,Oh Ye Ji
652,When My Love Blooms,7.8, #1594, #782,Yoo Ji Tae, Male,https://i.mydramalist.com/rxLvjc.jpg,Han Jae Hyun [Present]
653,When My Love Blooms,7.8, #1594, #782,Lee Bo Young, Female,https://i.mydramalist.com/0d7YO_5c.jpg,Yoon Ji Soo [Present]
654,When Time Stopped,7.3, #3508, #932,Ahn  Ji Hyun, Female,https://i.mydramalist.com/0NwROc.jpg,Kim Sun Ah
655,When Time Stopped,7.3, #3508, #932,Kim Hyun Joong, Male,https://i.mydramalist.com/XKplxc.jpg,Joon Woo
656,When the Camellia Blooms,8.5, #183, #142,Gong Hyo Jin, Female,https://i.mydramalist.com/4k0oZc.jpg,Hwang Yong Shik
657,When the Camellia Blooms,8.5, #183, #142,Kang Ha Neul, Male,https://i.mydramalist.com/0Kxmr_5c.jpg,Oh Dong Baek
658,When the Weather Is Fine,8.3, #390, #198,Park Min Young, Female,https://i.mydramalist.com/qlep0_5c.jpg,Im Eun Sub / Kim Jin Ho
659,When the Weather Is Fine,8.3, #390, #198,Seo Kang Joon, Male,https://i.mydramalist.com/rbPe2c.jpg,"Mok Hae Won / ""Irene"""
660,Where Stars Land,7.9, #1407, #268,Lee Je Hoon, Male,https://i.mydramalist.com/vRBo8c.jpg,Han Yeo Reum
661,Where Stars Land,7.9, #1407, #268,Chae Soo Bin, Female,https://i.mydramalist.com/ZoeeOc.jpg,Lee Soo Yeon
662,While You Were Sleeping,8.7, #59, #12,Bae Suzy, Female,https://i.mydramalist.com/pOqyQc.jpg,Jung Jae Chan
663,While You Were Sleeping,8.7, #59, #12,Lee Jong Suk, Male,https://i.mydramalist.com/XbzDnc.jpg,Nam Hong Ju
664,Who Are You,7.6, #2294, #310,So Yi Hyun, Female,https://i.mydramalist.com/qxvvB_5c.jpg,Detective Cha Gun Woo
665,Who Are You,7.6, #2294, #310,Ok Taec Yeon, Male,https://i.mydramalist.com/Xb0ngc.jpg,Detective Yang Shi On
666,Who Are You: School 2015,8.3, #501, #44,Kim So Hyun, Female,https://i.mydramalist.com/vdVeqc.jpg,Han Yi An
667,Who Are You: School 2015,8.3, #501, #44,Nam Joo Hyuk, Male,https://i.mydramalist.com/250rk_5c.jpg,Lee Eun Bi | Go Eun Byul
668,Wild Chives and Soy Bean Soup: 12 Years Reunion,7.2, #3990, #1322,Lee So Yeon, Female,https://i.mydramalist.com/l0wW6c.jpg,Yoo Joon Soo
669,Wild Chives and Soy Bean Soup: 12 Years Reunion,7.2, #3990, #1322,Namgoong Min, Male,https://i.mydramalist.com/kEQyOc.jpg,"Jang Dal Rae ""Jang Kook"""
670,Wild Romance,7.5, #3082, #520,Lee Shi Young, Female,https://i.mydramalist.com/rggJm_5c.jpg,Yoo Eun Jae
671,Wild Romance,7.5, #3082, #520,Lee Dong Wook, Male,https://i.mydramalist.com/Zvejqc.jpg, Park Moo Yeol
672,Witch's Love,7.5, #2740, #439,Yoon So Hee, Female,https://i.mydramalist.com/QX5WAc.jpg,Ma Sung Tae
673,Witch's Love,7.5, #2740, #439,Hyun Woo, Male,https://i.mydramalist.com/Zod3Oc.jpg,Kang Cho Hong
674,Witch's Romance,8.0, #1052, #231,Uhm Jung Hwa, Female,https://i.mydramalist.com/BDv6b_5c.jpg,Yoon Dong Ha
675,Witch's Romance,8.0, #1052, #231,Park Seo Joon, Male,https://i.mydramalist.com/j8meyc.jpg,Ban Ji Yun
676,Yong Pal,7.8, #1773, #266,Joo Won, Male,https://i.mydramalist.com/wrJg1_5c.jpg,Yong Pal / Kim Tae Hyun
677,Yong Pal,7.8, #1773, #266,Kim Tae Hee, Female,https://i.mydramalist.com/2JoxW_5c.jpg,Han Yeo Jin
678,You Are The Best!,7.4, #3342, #483,IU, Female,https://i.mydramalist.com/qRVoD_5c.jpg,Shin Joon Ho
679,You Are The Best!,7.4, #3342, #483,Jo Jung Suk, Male,https://i.mydramalist.com/j8VlOc.jpg,Lee Soon Shin
680,You Who Came from the Stars,8.6, #109, #6,Jun Ji Hyun, Female,https://i.mydramalist.com/qwydDc.jpg,Cheon Song Yi
681,You Who Came from the Stars,8.6, #109, #6,Kim Soo Hyun, Male,https://i.mydramalist.com/WonJO_5c.jpg,Do Min Joon
682,You're All Surrounded,8.2, #577, #124,Go Ah Ra, Female,https://i.mydramalist.com/ejKbK_5c.jpg,Eo Soo Sun
683,You're All Surrounded,8.2, #577, #124,Lee Seung Gi, Male,https://i.mydramalist.com/B3RRqc.jpg,Eun Dae Gu / Kim Ji Yong
684,Your Honor,8.0, #921, #749,Lee Yoo Young, Female,https://i.mydramalist.com/x5Wl0_5c.jpg,Song So Eun
685,Your Honor,8.0, #921, #749,Yoon Shi Yoon, Male,https://i.mydramalist.com/43zLwc.jpg,Han Kang Ho / Han Soo Ho
686,Your House Helper,7.9, #1418, #879,Ha Seok Jin, Male,https://i.mydramalist.com/1Aoeb_5c.jpg,Kim Ji Woon
687,Your House Helper,7.9, #1418, #879,Bona, Female,https://i.mydramalist.com/X1q4d_5c.jpg, Im Da Young
